date,SAP_average,SAP_sd,GBp per thm
2016-03-21,,,172.99
2016-03-28,,,174.75
2016-04-04,,,26.64
2016-04-11,,,26.58
2016-04-18,,,172.95
2016-04-25,,,28.61
2016-05-02,,,29.18
2016-05-09,,,29.02
2016-05-16,,,29.32
2016-05-23,,,31.27
2016-05-30,,,33.06
2016-06-06,,,32.85
2016-06-13,,,34.23
2016-06-20,,,34.59
2016-06-27,,,34.69
2016-07-04,,,34.87
2016-07-11,,,33.24
2016-07-18,,,36.12
2016-07-25,,,36.62
2016-08-01,,,34.11
2016-08-08,,,31.78
2016-08-15,,,28.07
2016-08-22,,,29.57
2016-08-29,,,32.51
2016-09-05,,,30.3
2016-09-12,,,33.47
2016-09-19,,,37.02
2016-09-26,,,41.0
2016-10-03,,,44.81
2016-10-10,,,45.26
2016-10-17,,,46.91
2016-10-24,,,48.05
2016-10-31,,,51.94
2016-11-07,,,50.22
2016-11-14,,,48.85
2016-11-21,,,47.32
2016-11-28,,,46.91
2016-12-05,,,43.4
2016-12-12,,,46.02
2016-12-19,,,48.65
2016-12-26,,,53.63
2017-01-02,,,49.77
2017-01-09,,,55.08
2017-01-16,,,55.56
2017-01-23,,,51.38
2017-01-30,,,59.82
2017-02-06,,,51.79
2017-02-13,,,48.47
2017-02-20,,,45.81
2017-02-27,,,43.29
2017-03-06,,,42.39
2017-03-13,,,41.69
2017-03-20,,,38.87
2017-03-27,,,39.65
2017-04-03,,,39.4
2017-04-10,,,38.51
2017-04-17,,,39.58
2017-04-24,,,38.16
2017-05-01,,,37.37
2017-05-08,,,35.97
2017-05-15,,,36.88
2017-05-22,,,169.14
2017-05-29,,,36.52
2017-06-05,,,36.74
2017-06-12,,,34.47
2017-06-19,,,35.6
2017-06-26,,,36.2
2017-07-03,,,36.17
2017-07-10,,,33.72
2017-07-17,,,36.76
2017-07-24,,,38.56
2017-07-31,,,39.92
2017-08-07,,,43.1
2017-08-14,,,43.59
2017-08-21,,,44.45
2017-08-28,,,172.72
2017-09-04,,,45.25
2017-09-11,,,44.99
2017-09-18,,,43.75
2017-09-25,,,47.32
2017-10-02,,,50.02
2017-10-09,,,49.19
2017-10-16,,,48.91
2017-10-23,,,47.85
2017-10-30,,,50.89
2017-11-06,,,54.83
2017-11-13,,,52.27
2017-11-20,,,57.72
2017-11-27,,,58.42
2017-12-04,,,58.1
2017-12-11,,,61.37
2017-12-18,,,56.85
2017-12-25,,,56.43
2018-01-01,1.71,,52.91
2018-01-08,1.77,0.034,55.97
2018-01-15,1.78,0.029,50.13
2018-01-22,1.71,0.015,49.14
2018-01-29,1.62,0.035,50.03
2018-02-05,1.68,0.05,50.18
2018-02-12,1.73,0.02,51.22
2018-02-19,1.74,0.077,57.7
2018-02-26,2.02,0.2,48.66
2018-03-05,5.26,4.1,51.21
2018-03-12,1.91,0.27,50.09
2018-03-19,2.09,0.18,48.78
2018-03-26,1.79,0.099,47.36
2018-04-02,1.73,0.064,46.87
2018-04-09,1.69,0.042,50.35
2018-04-16,1.8,0.092,51.31
2018-04-23,1.71,0.039,52.63
2018-04-30,1.8,0.052,52.28
2018-05-07,1.81,0.012,53.89
2018-05-14,1.86,0.05,55.46
2018-05-21,1.92,0.039,55.17
2018-05-28,1.94,0.062,55.0
2018-06-04,2.02,0.049,54.34
2018-06-11,1.95,0.052,54.35
2018-06-18,1.89,0.049,53.51
2018-06-25,1.81,0.026,55.24
2018-07-02,1.84,0.047,57.68
2018-07-09,1.97,0.038,57.65
2018-07-16,1.96,0.033,57.14
2018-07-23,1.98,0.022,57.28
2018-07-30,1.98,0.023,58.77
2018-08-06,1.99,0.022,60.41
2018-08-13,2.03,0.039,63.68
2018-08-20,2.08,0.048,66.52
2018-08-27,2.23,0.035,67.79
2018-09-03,2.35,0.048,73.41
2018-09-10,2.52,0.071,70.19
2018-09-17,2.46,0.069,76.5
2018-09-24,2.59,0.093,75.06
2018-10-01,2.51,0.068,75.33
2018-10-08,2.44,0.04,72.22
2018-10-15,2.25,0.071,72.56
2018-10-22,2.21,0.088,65.27
2018-10-29,2.16,0.06,67.55
2018-11-05,2.12,0.056,67.1
2018-11-12,2.13,0.044,72.27
2018-11-19,2.31,0.071,67.61
2018-11-26,2.23,0.03,67.54
2018-12-03,2.19,0.047,63.3
2018-12-10,2.11,0.098,67.95
2018-12-17,2.24,0.044,69.05
2018-12-24,2.27,0.048,62.63
2018-12-31,2.03,0.19,63.55
2019-01-07,1.97,0.13,61.39
2019-01-14,1.99,0.026,61.79
2019-01-21,2.04,0.032,56.04
2019-01-28,1.93,0.094,50.07
2019-02-04,1.79,0.069,48.05
2019-02-11,1.69,0.039,47.07
2019-02-18,1.6,0.017,44.9
2019-02-25,1.53,0.035,43.07
2019-03-04,1.51,0.02,41.95
2019-03-11,1.47,0.021,37.58
2019-03-18,1.34,0.052,36.25
2019-03-25,1.25,0.043,34.61
2019-04-01,1.2,0.055,41.09
2019-04-08,1.28,0.12,38.52
2019-04-15,1.36,0.072,34.41
2019-04-22,1.2,0.093,33.9
2019-04-29,1.09,0.088,33.99
2019-05-06,1.17,0.03,32.54
2019-05-13,1.22,0.12,29.83
2019-05-20,1.07,0.055,29.93
2019-05-27,1.0,0.018,27.57
2019-06-03,0.951,0.062,28.59
2019-06-10,0.994,0.043,28.31
2019-06-17,1.04,0.03,27.15
2019-06-24,0.969,0.034,25.65
2019-07-01,0.866,0.035,29.59
2019-07-08,0.999,0.048,35.83
2019-07-15,1.19,0.054,29.09
2019-07-22,1.0,0.066,27.52
2019-07-29,0.945,0.037,32.72
2019-08-05,1.02,0.09,33.99
2019-08-12,0.974,0.055,30.48
2019-08-19,0.934,0.045,29.84
2019-08-26,0.921,0.084,33.03
2019-09-02,0.874,0.094,31.96
2019-09-09,0.796,0.11,38.15
2019-09-16,0.994,0.074,33.3
2019-09-23,0.868,0.03,30.65
2019-09-30,0.859,0.045,41.9
2019-10-07,0.98,0.077,42.13
2019-10-14,0.857,0.082,41.61
2019-10-21,0.918,0.075,39.95
2019-10-28,0.903,0.12,42.82
2019-11-04,0.943,0.11,41.94
2019-11-11,1.21,0.082,41.03
2019-11-18,1.36,0.027,42.2
2019-11-25,1.41,0.037,42.76
2019-12-02,1.39,0.029,39.05
2019-12-09,1.19,0.044,35.17
2019-12-16,1.11,0.055,37.12
2019-12-23,1.11,0.062,33.13
2019-12-30,1.02,0.046,33.07
2020-01-06,0.972,0.044,30.45
2020-01-13,1.02,0.042,28.31
2020-01-20,0.985,0.019,27.12
2020-01-27,0.957,0.028,24.18
2020-02-03,0.901,0.035,22.13
2020-02-10,0.791,0.038,20.86
2020-02-17,0.748,0.023,22.92
2020-02-24,0.856,0.021,21.7
2020-03-02,0.846,0.02,21.85
2020-03-09,0.837,0.06,23.98
2020-03-16,0.824,0.026,22.24
2020-03-23,0.79,0.051,18.46
2020-03-30,0.695,0.045,16.22
2020-04-06,0.58,0.021,16.86
2020-04-13,0.534,0.024,15.36
2020-04-20,0.474,0.051,12.76
2020-04-27,0.39,0.04,13.28
2020-05-04,0.466,0.021,13.98
2020-05-11,0.476,0.015,12.59
2020-05-18,0.442,0.017,9.46
2020-05-25,0.371,0.031,9.63
2020-06-01,0.326,0.02,13.89
2020-06-08,0.425,0.023,13.96
2020-06-15,0.458,0.027,14.42
2020-06-22,0.48,0.019,13.92
2020-06-29,0.492,0.029,15.11
2020-07-06,0.489,0.041,13.67
2020-07-13,0.46,0.043,13.42
2020-07-20,0.428,0.014,13.59
2020-07-27,0.437,0.011,15.64
2020-08-03,0.466,0.035,21.82
2020-08-10,0.635,0.07,22.01
2020-08-17,0.69,0.029,21.05
2020-08-24,0.705,0.063,28.95
2020-08-31,0.906,0.049,30.31
2020-09-07,0.983,0.045,27.78
2020-09-14,0.925,0.046,30.36
2020-09-21,0.991,0.026,31.91
2020-09-28,1.12,0.051,36.25
2020-10-05,1.17,0.046,38.3
2020-10-12,1.27,0.044,40.94
2020-10-19,1.35,0.044,43.62
2020-10-26,1.39,0.035,41.5
2020-11-02,1.22,0.13,39.98
2020-11-09,1.29,0.023,40.27
2020-11-16,1.28,0.034,36.21
2020-11-23,1.22,0.051,41.68
2020-11-30,1.38,0.059,42.57
2020-12-07,1.44,0.027,46.35
2020-12-14,1.47,0.062,45.97
2020-12-21,1.51,0.074,51.07
2020-12-28,1.7,0.14,56.4
2021-01-04,1.96,0.034,60.69
2021-01-11,2.05,0.14,59.35
2021-01-18,2.1,0.3,60.15
2021-01-25,1.98,0.086,53.15
2021-02-01,1.82,0.069,48.17
2021-02-08,1.74,0.13,44.85
2021-02-15,1.66,0.15,42.1
2021-02-22,1.44,0.046,39.79
2021-03-01,1.42,0.048,41.25
2021-03-08,1.54,0.016,47.5
2021-03-15,1.58,0.055,43.1
2021-03-22,1.49,0.05,48.39
2021-03-29,1.58,0.052,47.21
2021-04-05,1.65,0.069,46.86
2021-04-12,1.84,0.095,51.15
2021-04-19,1.89,0.03,50.72
2021-04-26,1.84,0.053,60.24
2021-05-03,2.13,0.087,61.23
2021-05-10,2.25,0.067,68.71
2021-05-17,2.33,0.06,62.74
2021-05-24,2.21,0.088,60.68
2021-05-31,2.27,0.11,62.71
2021-06-07,2.18,0.035,67.6
2021-06-14,2.35,0.045,71.83
2021-06-21,2.49,0.098,79.88
2021-06-28,2.77,0.066,88.94
2021-07-05,3.05,0.11,90.02
2021-07-12,2.96,0.12,85.48
2021-07-19,2.95,0.091,88.44
2021-07-26,3.09,0.064,103.75
2021-08-02,3.51,0.096,108.04
2021-08-09,3.61,0.058,110.89
2021-08-16,3.75,0.074,104.76
2021-08-23,3.64,0.18,120.97
2021-08-30,3.93,0.11,130.45
2021-09-06,4.39,0.081,145.52
2021-09-13,4.8,0.19,162.8
2021-09-20,5.47,0.36,175.95
2021-09-27,5.38,0.55,241.26
2021-10-04,6.37,0.62,222.21
2021-10-11,7.8,0.96,234.36
2021-10-18,7.28,0.23,219.22
2021-10-25,7.11,0.11,165.98
2021-11-01,5.91,0.9,191.43
2021-11-08,5.99,0.24,194.05
2021-11-15,6.04,0.34,219.51
2021-11-22,7.22,0.24,222.08
2021-11-29,7.69,0.28,228.9
2021-12-06,7.72,0.27,268.8
2021-12-13,8.84,0.42,344.9
2021-12-20,11.6,1.1,267.82
2021-12-27,9.76,3.5,170.64
2022-01-03,4.98,2.4,214.96
2022-01-10,7.04,0.55,208.13
2022-01-17,6.83,0.42,189.31
2022-01-24,6.53,0.48,219.42
2022-01-31,7.46,0.19,200.49
2022-02-07,6.25,0.25,185.86
2022-02-14,6.23,0.11,176.49
2022-02-21,5.93,0.35,225.55
2022-02-28,7.64,0.96,460.27
2022-03-07,14.0,2.5,311.06
2022-03-14,11.4,3.1,246.0
2022-03-21,7.77,0.99,236.61
2022-03-28,7.75,0.51,257.32
2022-04-04,9.05,0.71,228.54
2022-04-11,7.85,0.35,164.88
2022-04-18,5.37,1.6,171.39
2022-04-25,5.34,0.61,163.68
2022-05-02,4.09,0.83,137.5
2022-05-09,3.65,0.91,148.45
2022-05-16,2.29,1.1,147.96
2022-05-23,3.25,0.86,153.36
2022-05-30,4.48,0.94,159.84
2022-06-06,4.42,0.44,146.24
2022-06-13,3.34,1.7,201.8
2022-06-20,5.74,0.68,169.74
2022-06-27,5.53,1.0,240.94
2022-07-04,5.8,0.52,255.52
2022-07-11,7.25,0.53,200.29
2022-07-18,7.01,1.5,312.18
2022-07-25,8.12,1.1,351.92
2022-08-01,10.3,0.93,373.63
2022-08-08,9.24,0.62,395.8
2022-08-15,11.4,1.2,460.89
2022-08-22,13.2,0.94,640.36
2022-08-29,17.8,1.2,409.42
2022-09-05,11.2,2.5,378.29
2022-09-12,10.1,2.4,290.81
2022-09-19,9.94,1.9,286.58
2022-09-26,7.86,1.0,352.89
2022-10-03,7.36,0.42,285.04
2022-10-10,5.13,0.55,261.35
2022-10-17,4.45,1.5,204.12
2022-10-24,1.61,0.86,246.43
2022-10-31,2.24,0.74,283.03
2022-11-07,3.42,0.96,228.43
2022-11-14,3.4,0.26,271.51
2022-11-21,3.14,0.4,288.46
2022-11-28,5.5,1.4,336.31
2022-12-05,11.5,0.29,345.91
2022-12-12,12.4,0.45,288.42
2022-12-19,10.4,1.5,200.11
2022-12-26,6.61,0.77,186.05
2023-01-02,5.93,0.25,170.0
2023-01-09,5.48,0.35,162.54
2023-01-16,5.53,0.13,168.9
2023-01-23,5.57,0.35,140.89
2023-01-30,4.97,0.19,147.89
2023-02-06,5.23,0.19,134.51
2023-02-13,4.69,0.16,120.96
2023-02-20,4.28,0.27,127.69
2023-02-27,4.39,0.12,113.18
2023-03-06,4.23,0.11,133.56
2023-03-13,4.26,0.2,103.97
2023-03-20,3.63,0.2,100.71
2023-03-27,3.46,0.17,118.03
2023-04-03,3.79,0.21,102.31
2023-04-10,3.53,0.23,98.46
2023-04-17,3.42,0.052,96.09
2023-04-24,3.32,0.1,88.53
2023-05-01,3.11,0.11,83.35
2023-05-08,2.94,0.088,75.93
2023-05-15,2.75,0.17,68.36
2023-05-22,2.3,0.13,57.36
2023-05-29,2.14,0.11,54.95
2023-06-05,2.07,0.13,77.76
2023-06-12,2.54,0.29,87.2
2023-06-19,3.05,0.23,80.28
2023-06-26,3.03,0.16,91.22
2023-07-03,3.04,0.16,81.86
2023-07-10,2.76,0.11,63.39
2023-07-17,2.17,0.18,70.82
2023-07-24,2.36,0.069,63.66
2023-07-31,2.29,0.26,72.93
2023-08-07,2.41,0.095,89.42
2023-08-14,2.81,0.18,90.89
2023-08-21,3.09,0.18,86.65
2023-08-28,3.1,0.27,86.76
2023-09-04,3.01,0.1,84.86
2023-09-11,2.91,0.22,92.14
2023-09-18,3.15,0.088,102.16
2023-09-25,3.39,0.15,105.4
2023-10-02,3.34,0.17,94.49
2023-10-09,2.73,0.28,136.7
2023-10-16,4.23,0.34,126.19
2023-10-23,3.84,0.23,125.78
2023-10-30,4.21,0.13,122.55
2023-11-06,3.54,0.22,117.77
2023-11-13,3.49,0.13,113.74
2023-11-20,3.59,0.12,119.79
2023-11-27,4.03,0.13,109.65
2023-12-04,3.69,0.14,97.1
2023-12-11,3.25,0.11,82.55
2023-12-18,2.73,0.15,85.32
2023-12-25,2.56,0.067,80.71
2024-01-01,2.62,0.11,87.02
2024-01-08,2.83,0.21,79.92
2024-01-15,2.72,0.081,69.86
2024-01-22,2.4,0.085,69.35
2024-01-29,2.38,0.083,71.48
2024-02-05,2.44,0.048,66.42
2024-02-12,2.28,0.15,60.56
2024-02-19,2.0,0.1,56.46
2024-02-26,1.97,0.037,64.28
2024-03-04,2.21,0.068,65.79
2024-03-11,2.36,0.04,68.01
2024-03-18,2.3,0.14,71.74
2024-03-25,2.4,0.075,68.05
2024-04-01,2.32,0.051,66.08
2024-04-08,2.21,0.061,76.13
2024-04-15,2.46,0.17,77.13
2024-04-22,2.65,0.11,72.962
2024-04-29,2.56,0.087,73.297
2024-05-06,2.55,0.091,72.556
2024-05-13,2.48,0.11,74.269
2024-05-20,2.53,0.066,81.816
2024-05-27,2.85,0.097,82.951
2024-06-03,2.88,0.049,78.822
2024-06-10,2.77,0.027,83.484
2024-06-17,2.86,0.044,79.072
2024-06-24,2.82,0.0096,81.335
2024-07-01,2.77,0.033,77.095
2024-07-08,2.63,0.04,72.732
2024-07-15,2.46,0.017,73.59
2024-07-22,2.51,0.042,75.899
2024-07-29,2.53,0.048,89.83
2024-08-05,2.77,0.067,97.923
2024-08-12,2.82,0.1,94.857
2024-08-19,2.81,0.1,87.997
2024-08-26,2.88,0.095,95.66
2024-09-02,3.12,0.094,88.126
2024-09-09,3.01,0.04,85.963
2024-09-16,2.94,0.054,83.095
2024-09-23,2.85,0.054,96.038
2024-09-30,3.1,0.11,175.3
2024-10-07,3.29,0.075,98.673
2024-10-14,3.3,0.064,97.851
2024-10-21,3.3,0.036,110.15
2024-10-28,3.6,0.094,98.589
2024-11-04,3.42,0.12,107.36
2024-11-11,3.58,0.085,116.5
2024-11-18,3.89,0.07,117.19
2024-11-25,3.96,0.11,118.69
2024-12-02,4.02,0.045,114.89
2024-12-09,3.98,0.08,102.63
2024-12-16,3.56,0.22,109.19
2024-12-23,3.62,0.16,119.54
2024-12-30,4.04,0.13,124.42
2025-01-06,4.21,0.057,113.9
2025-01-13,4.06,0.086,118.1
2025-01-20,4.2,0.12,124.48
2025-01-27,4.29,0.062,131.04
2025-02-03,4.49,0.14,136.47
2025-02-10,4.7,0.12,121.53
2025-02-17,4.45,0.29,111.1
2025-02-24,3.85,0.15,104.48
2025-03-03,3.7,0.085,99.353
2025-03-10,3.34,0.12,103.3
2025-03-17,3.61,0.037,102.8
2025-03-24,3.53,0.086,98.463
2025-03-31,3.31,0.069,88.944
2025-04-07,3.18,0.19,83.531
2025-04-14,2.87,0.073,86.746
2025-04-21,2.96,0.054,78.57
2025-04-28,2.75,0.14,78.722
2025-05-05,2.64,0.054,82.759
2025-05-12,2.83,0.23,83.5
2025-05-19,2.83,0.08,87.15
2025-05-26,3.0,0.035,78.679
2025-06-02,2.82,0.17,84.959
2025-06-09,2.91,0.051,88.677
2025-06-16,3.0,0.13,96.025
2025-06-23,3.31,0.088,77.961
2025-06-30,2.73,0.13,79.221
2025-07-07,2.7,0.023,85.27
2025-07-14,2.85,0.046,80.14
2025-07-21,2.8,0.086,81.66
2025-07-28,2.7,0.022,83.88
2025-08-04,2.8,0.042,79.53
2025-08-11,2.68,0.066,76.45
2025-08-18,2.64,0.072,83.68
2025-08-25,2.77,0.09,77.83
2025-09-01,2.72,0.064,77.89
2025-09-08,2.68,0.026,80.16
2025-09-15,2.73,0.035,80.05
2025-09-22,2.73,0.021,85.4
2025-09-29,2.74,0.023,80.58
2025-10-06,2.63,0.15,82.23
2025-10-13,2.83,0.054,80.69
2025-10-20,2.71,0.073,80.51
2025-10-27,2.63,0.065,80.87
2025-11-03,2.55,0.052,81.15
2025-11-10,2.54,0.072,82.39
2025-11-17,2.4,0.2,78.56
2025-11-24,2.74,0.093,75.29
2025-12-01,2.56,0.069,70.95
2025-12-08,2.37,0.071,73.24
2025-12-15,2.39,0.046,74.89
2025-12-22,2.47,0.06,73.822
2025-12-29,2.52,0.059,75.76
2026-01-05,2.65,0.077,73.15
2026-01-12,2.56,0.064,96.75
2026-01-19,3.18,0.23,93.09
2026-01-26,3.42,0.12,95.2
2026-02-02,3.43,0.15,85.16
2026-02-09,2.89,0.07,76.25
2026-02-16,2.66,0.052,76.96
2026-02-23,2.6,0.092,78.57
2026-03-02,2.8,0.38,137.42
2026-03-09,4.71,0.33,127.79
2026-03-16,4.28,0.17,172.75
2026-03-23,,,172.89
2026-03-30,,,172.89
2026-04-06,,,172.89
2026-04-13,,,172.89
2026-04-20,,,172.89
