Date,SAP actual day
2018-01-01,1.708
2018-01-02,1.733
2018-01-03,1.766
2018-01-04,1.772
2018-01-05,1.760
2018-01-06,1.719
2018-01-07,1.817
2018-01-08,1.799
2018-01-09,1.773
2018-01-10,1.786
2018-01-11,1.833
2018-01-12,1.778
2018-01-13,1.780
2018-01-14,1.777
2018-01-15,1.733
2018-01-16,1.730
2018-01-17,1.718
2018-01-18,1.703
2018-01-19,1.716
2018-01-20,1.720
2018-01-21,1.700
2018-01-22,1.685
2018-01-23,1.653
2018-01-24,1.624
2018-01-25,1.653
2018-01-26,1.615
2018-01-27,1.622
2018-01-28,1.555
2018-01-29,1.589
2018-01-30,1.630
2018-01-31,1.612
2018-02-01,1.695
2018-02-02,1.764
2018-02-03,1.662
2018-02-04,1.680
2018-02-05,1.693
2018-02-06,1.710
2018-02-07,1.767
2018-02-08,1.744
2018-02-09,1.728
2018-02-10,1.743
2018-02-11,1.712
2018-02-12,1.725
2018-02-13,1.797
2018-02-14,1.727
2018-02-15,1.648
2018-02-16,1.731
2018-02-17,1.712
2018-02-18,1.707
2018-02-19,1.888
2018-02-20,1.877
2018-02-21,1.941
2018-02-22,2.074
2018-02-23,2.078
2018-02-24,1.870
2018-02-25,1.895
2018-02-26,2.417
2018-02-27,3.649
2018-02-28,5.754
2018-03-01,12.716
2018-03-02,8.694
2018-03-03,2.239
2018-03-04,1.991
2018-03-05,1.744
2018-03-06,1.765
2018-03-07,1.721
2018-03-08,1.790
2018-03-09,1.898
2018-03-10,1.862
2018-03-11,1.847
2018-03-12,2.505
2018-03-13,2.330
2018-03-14,2.080
2018-03-15,2.256
2018-03-16,1.874
2018-03-17,1.888
2018-03-18,2.200
2018-03-19,1.970
2018-03-20,1.909
2018-03-21,1.863
2018-03-22,1.855
2018-03-23,1.755
2018-03-24,1.791
2018-03-25,1.688
2018-03-26,1.636
2018-03-27,1.715
2018-03-28,1.661
2018-03-29,1.765
2018-03-30,1.662
2018-03-31,1.674
2018-04-01,1.811
2018-04-02,1.796
2018-04-03,1.638
2018-04-04,1.679
2018-04-05,1.688
2018-04-06,1.663
2018-04-07,1.706
2018-04-08,1.688
2018-04-09,1.772
2018-04-10,1.834
2018-04-11,1.860
2018-04-12,1.914
2018-04-13,1.875
2018-04-14,1.685
2018-04-15,1.722
2018-04-16,1.713
2018-04-17,1.728
2018-04-18,1.657
2018-04-19,1.763
2018-04-20,1.739
2018-04-21,1.677
2018-04-22,1.673
2018-04-23,1.718
2018-04-24,1.744
2018-04-25,1.730
2018-04-26,1.778
2018-04-27,1.840
2018-04-28,1.849
2018-04-29,1.844
2018-04-30,1.845
2018-05-01,1.811
2018-05-02,1.823
2018-05-03,1.801
2018-05-04,1.829
2018-05-05,1.807
2018-05-06,1.795
2018-05-07,1.815
2018-05-08,1.829
2018-05-09,1.782
2018-05-10,1.823
2018-05-11,1.876
2018-05-12,1.895
2018-05-13,1.861
2018-05-14,1.931
2018-05-15,1.861
2018-05-16,1.894
2018-05-17,1.976
2018-05-18,1.947
2018-05-19,1.927
2018-05-20,1.887
2018-05-21,1.928
2018-05-22,2.007
2018-05-23,1.986
2018-05-24,2.019
2018-05-25,1.909
2018-05-26,1.862
2018-05-27,1.886
2018-05-28,1.915
2018-05-29,2.016
2018-05-30,2.116
2018-05-31,2.035
2018-06-01,1.965
2018-06-02,1.985
2018-06-03,1.992
2018-06-04,2.029
2018-06-05,1.959
2018-06-06,1.948
2018-06-07,2.020
2018-06-08,2.005
2018-06-09,1.957
2018-06-10,1.914
2018-06-11,1.868
2018-06-12,1.860
2018-06-13,1.992
2018-06-14,1.927
2018-06-15,1.880
2018-06-16,1.857
2018-06-17,1.865
2018-06-18,1.873
2018-06-19,1.835
2018-06-20,1.833
2018-06-21,1.758
2018-06-22,1.800
2018-06-23,1.824
2018-06-24,1.802
2018-06-25,1.808
2018-06-26,1.834
2018-06-27,1.890
2018-06-28,1.867
2018-06-29,1.785
2018-06-30,1.808
2018-07-01,1.808
2018-07-02,1.911
2018-07-03,1.904
2018-07-04,1.937
2018-07-05,1.986
2018-07-06,1.961
2018-07-07,1.975
2018-07-08,1.982
2018-07-09,2.023
2018-07-10,1.985
2018-07-11,1.973
2018-07-12,1.934
2018-07-13,2.002
2018-07-14,1.964
2018-07-15,1.963
2018-07-16,1.902
2018-07-17,1.960
2018-07-18,1.999
2018-07-19,1.983
2018-07-20,1.972
2018-07-21,1.944
2018-07-22,1.964
2018-07-23,2.004
2018-07-24,2.009
2018-07-25,1.971
2018-07-26,1.960
2018-07-27,1.970
2018-07-28,1.965
2018-07-29,1.964
2018-07-30,2.016
2018-07-31,2.000
2018-08-01,1.967
2018-08-02,2.016
2018-08-03,2.005
2018-08-04,1.965
2018-08-05,1.964
2018-08-06,2.004
2018-08-07,2.007
2018-08-08,2.014
2018-08-09,1.984
2018-08-10,2.005
2018-08-11,2.024
2018-08-12,2.035
2018-08-13,2.107
2018-08-14,2.047
2018-08-15,2.008
2018-08-16,2.093
2018-08-17,2.128
2018-08-18,2.084
2018-08-19,2.049
2018-08-20,2.142
2018-08-21,2.181
2018-08-22,2.200
2018-08-23,2.223
2018-08-24,2.244
2018-08-25,2.275
2018-08-26,2.234
2018-08-27,2.273
2018-08-28,2.341
2018-08-29,2.401
2018-08-30,2.377
2018-08-31,2.291
2018-09-01,2.317
2018-09-02,2.314
2018-09-03,2.418
2018-09-04,2.418
2018-09-05,2.454
2018-09-06,2.541
2018-09-07,2.559
2018-09-08,2.567
2018-09-09,2.493
2018-09-10,2.625
2018-09-11,2.581
2018-09-12,2.519
2018-09-13,2.408
2018-09-14,2.407
2018-09-15,2.432
2018-09-16,2.398
2018-09-17,2.469
2018-09-18,2.406
2018-09-19,2.537
2018-09-20,2.599
2018-09-21,2.650
2018-09-22,2.644
2018-09-23,2.604
2018-09-24,2.681
2018-09-25,2.637
2018-09-26,2.554
2018-09-27,2.481
2018-09-28,2.496
2018-09-29,2.485
2018-09-30,2.461
2018-10-01,2.433
2018-10-02,2.452
2018-10-03,2.428
2018-10-04,2.456
2018-10-05,2.493
2018-10-06,2.449
2018-10-07,2.441
2018-10-08,2.361
2018-10-09,2.231
2018-10-10,2.204
2018-10-11,2.138
2018-10-12,2.262
2018-10-13,2.263
2018-10-14,2.311
2018-10-15,2.356
2018-10-16,2.287
2018-10-17,2.157
2018-10-18,2.212
2018-10-19,2.316
2018-10-20,2.257
2018-10-21,2.070
2018-10-22,2.137
2018-10-23,2.086
2018-10-24,2.137
2018-10-25,2.215
2018-10-26,2.119
2018-10-27,2.097
2018-10-28,2.212
2018-10-29,2.228
2018-10-30,2.241
2018-10-31,2.145
2018-11-01,2.098
2018-11-02,2.105
2018-11-03,2.091
2018-11-04,2.101
2018-11-05,2.080
2018-11-06,2.072
2018-11-07,2.153
2018-11-08,2.174
2018-11-09,2.117
2018-11-10,2.094
2018-11-11,2.112
2018-11-12,2.195
2018-11-13,2.267
2018-11-14,2.318
2018-11-15,2.412
2018-11-16,2.389
2018-11-17,2.225
2018-11-18,2.306
2018-11-19,2.241
2018-11-20,2.201
2018-11-21,2.254
2018-11-22,2.269
2018-11-23,2.227
2018-11-24,2.231
2018-11-25,2.225
2018-11-26,2.181
2018-11-27,2.246
2018-11-28,2.160
2018-11-29,2.145
2018-11-30,2.156
2018-12-01,2.235
2018-12-02,2.161
2018-12-03,2.249
2018-12-04,2.250
2018-12-05,2.211
2018-12-06,2.042
2018-12-07,1.999
2018-12-08,2.029
2018-12-09,2.087
2018-12-10,2.171
2018-12-11,2.156
2018-12-12,2.204
2018-12-13,2.248
2018-12-14,2.274
2018-12-15,2.279
2018-12-16,2.262
2018-12-17,2.256
2018-12-18,2.173
2018-12-19,2.319
2018-12-20,2.277
2018-12-21,2.259
2018-12-22,2.263
2018-12-23,2.311
2018-12-24,2.274
2018-12-25,2.226
2018-12-26,2.185
2018-12-27,2.103
2018-12-28,2.047
2018-12-29,1.987
2018-12-30,1.986
2018-12-31,1.664
2019-01-01,1.712
2019-01-02,2.047
2019-01-03,2.039
2019-01-04,2.061
2019-01-05,2.034
2019-01-06,1.973
2019-01-07,1.899
2019-01-08,1.977
2019-01-09,1.994
2019-01-10,2.006
2019-01-11,2.033
2019-01-12,1.995
2019-01-13,1.980
2019-01-14,1.949
2019-01-15,2.032
2019-01-16,1.996
2019-01-17,2.073
2019-01-18,2.045
2019-01-19,2.066
2019-01-20,2.047
2019-01-21,1.991
2019-01-22,2.039
2019-01-23,2.063
2019-01-24,1.976
2019-01-25,1.840
2019-01-26,1.823
2019-01-27,1.884
2019-01-28,1.912
2019-01-29,1.876
2019-01-30,1.851
2019-01-31,1.849
2019-02-01,1.726
2019-02-02,1.732
2019-02-03,1.731
2019-02-04,1.737
2019-02-05,1.736
2019-02-06,1.725
2019-02-07,1.727
2019-02-08,1.682
2019-02-09,1.690
2019-02-10,1.674
2019-02-11,1.625
2019-02-12,1.585
2019-02-13,1.606
2019-02-14,1.623
2019-02-15,1.603
2019-02-16,1.597
2019-02-17,1.596
2019-02-18,1.567
2019-02-19,1.565
2019-02-20,1.582
2019-02-21,1.519
2019-02-22,1.535
2019-02-23,1.540
2019-02-24,1.511
2019-02-25,1.478
2019-02-26,1.497
2019-02-27,1.526
2019-02-28,1.548
2019-03-01,1.513
2019-03-02,1.488
2019-03-03,1.510
2019-03-04,1.504
2019-03-05,1.501
2019-03-06,1.448
2019-03-07,1.470
2019-03-08,1.487
2019-03-09,1.478
2019-03-10,1.483
2019-03-11,1.442
2019-03-12,1.423
2019-03-13,1.368
2019-03-14,1.344
2019-03-15,1.272
2019-03-16,1.299
2019-03-17,1.308
2019-03-18,1.371
2019-03-19,1.279
2019-03-20,1.294
2019-03-21,1.287
2019-03-22,1.272
2019-03-23,1.222
2019-03-24,1.203
2019-03-25,1.192
2019-03-26,1.240
2019-03-27,1.293
2019-03-28,1.218
2019-03-29,1.169
2019-03-30,1.179
2019-03-31,1.175
2019-04-01,1.126
2019-04-02,1.089
2019-04-03,1.150
2019-04-04,1.255
2019-04-05,1.347
2019-04-06,1.392
2019-04-07,1.390
2019-04-08,1.330
2019-04-09,1.467
2019-04-10,1.383
2019-04-11,1.371
2019-04-12,1.419
2019-04-13,1.306
2019-04-14,1.304
2019-04-15,1.264
2019-04-16,1.300
2019-04-17,1.273
2019-04-18,1.260
2019-04-19,1.204
2019-04-20,1.190
2019-04-21,1.092
2019-04-22,1.053
2019-04-23,0.902
2019-04-24,1.074
2019-04-25,1.105
2019-04-26,1.125
2019-04-27,1.107
2019-04-28,1.162
2019-04-29,1.156
2019-04-30,1.164
2019-05-01,1.130
2019-05-02,1.181
2019-05-03,1.200
2019-05-04,1.156
2019-05-05,1.169
2019-05-06,1.221
2019-05-07,1.146
2019-05-08,1.241
2019-05-09,1.380
2019-05-10,1.305
2019-05-11,1.250
2019-05-12,1.169
2019-05-13,1.021
2019-05-14,1.052
2019-05-15,1.113
2019-05-16,0.953
2019-05-17,1.109
2019-05-18,1.089
2019-05-19,1.087
2019-05-20,1.067
2019-05-21,1.018
2019-05-22,1.015
2019-05-23,0.991
2019-05-24,1.008
2019-05-25,1.006
2019-05-26,0.971
2019-05-27,1.023
2019-05-28,1.046
2019-05-29,1.015
2019-05-30,0.972
2019-05-31,0.929
2019-06-01,0.920
2019-06-02,0.873
2019-06-03,0.903
2019-06-04,1.007
2019-06-05,0.957
2019-06-06,0.921
2019-06-07,0.996
2019-06-08,1.008
2019-06-09,1.017
2019-06-10,1.052
2019-06-11,1.001
2019-06-12,1.022
2019-06-13,1.076
2019-06-14,1.057
2019-06-15,1.051
2019-06-16,1.004
2019-06-17,1.066
2019-06-18,1.036
2019-06-19,0.971
2019-06-20,0.959
2019-06-21,0.933
2019-06-22,0.979
2019-06-23,0.963
2019-06-24,0.941
2019-06-25,0.911
2019-06-26,0.867
2019-06-27,0.807
2019-06-28,0.848
2019-06-29,0.871
2019-06-30,0.856
2019-07-01,0.905
2019-07-02,0.958
2019-07-03,0.950
2019-07-04,0.947
2019-07-05,1.044
2019-07-06,1.038
2019-07-07,0.997
2019-07-08,1.056
2019-07-09,1.084
2019-07-10,1.185
2019-07-11,1.246
2019-07-12,1.175
2019-07-13,1.227
2019-07-14,1.223
2019-07-15,1.172
2019-07-16,1.105
2019-07-17,1.072
2019-07-18,1.008
2019-07-19,1.002
2019-07-20,0.958
2019-07-21,0.941
2019-07-22,0.933
2019-07-23,1.018
2019-07-24,0.964
2019-07-25,0.932
2019-07-26,0.948
2019-07-27,0.922
2019-07-28,0.904
2019-07-29,0.930
2019-07-30,0.905
2019-07-31,0.931
2019-08-01,1.086
2019-08-02,1.098
2019-08-03,1.103
2019-08-04,1.070
2019-08-05,0.931
2019-08-06,0.864
2019-08-07,0.944
2019-08-08,0.991
2019-08-09,0.986
2019-08-10,0.994
2019-08-11,1.014
2019-08-12,1.025
2019-08-13,1.018
2019-08-14,0.951
2019-08-15,0.884
2019-08-16,0.952
2019-08-17,0.923
2019-08-18,0.917
2019-08-19,0.895
2019-08-20,0.988
2019-08-21,0.975
2019-08-22,0.993
2019-08-23,0.780
2019-08-24,0.881
2019-08-25,0.850
2019-08-26,0.980
2019-08-27,0.982
2019-08-28,0.916
2019-08-29,0.885
2019-08-30,0.875
2019-08-31,0.905
2019-09-01,0.874
2019-09-02,0.678
2019-09-03,0.685
2019-09-04,0.666
2019-09-05,0.686
2019-09-06,0.874
2019-09-07,0.878
2019-09-08,0.899
2019-09-09,0.881
2019-09-10,0.911
2019-09-11,0.872
2019-09-12,1.023
2019-09-13,0.991
2019-09-14,1.045
2019-09-15,1.058
2019-09-16,1.056
2019-09-17,0.876
2019-09-18,0.897
2019-09-19,0.817
2019-09-20,0.856
2019-09-21,0.868
2019-09-22,0.906
2019-09-23,0.853
2019-09-24,0.904
2019-09-25,0.854
2019-09-26,0.822
2019-09-27,0.873
2019-09-28,0.885
2019-09-29,0.894
2019-09-30,0.779
2019-10-01,0.910
2019-10-02,0.933
2019-10-03,1.127
2019-10-04,1.036
2019-10-05,0.974
2019-10-06,0.957
2019-10-07,0.921
2019-10-08,0.864
2019-10-09,0.745
2019-10-10,0.802
2019-10-11,0.828
2019-10-12,0.886
2019-10-13,0.861
2019-10-14,1.010
2019-10-15,0.968
2019-10-16,0.891
2019-10-17,0.968
2019-10-18,1.021
2019-10-19,0.922
2019-10-20,0.856
2019-10-21,0.802
2019-10-22,0.894
2019-10-23,0.972
2019-10-24,1.006
2019-10-25,1.018
2019-10-26,0.802
2019-10-27,0.698
2019-10-28,0.932
2019-10-29,0.879
2019-10-30,0.776
2019-10-31,0.916
2019-11-01,0.965
2019-11-02,0.937
2019-11-03,0.994
2019-11-04,1.134
2019-11-05,1.057
2019-11-06,1.155
2019-11-07,1.213
2019-11-08,1.294
2019-11-09,1.279
2019-11-10,1.259
2019-11-11,1.217
2019-11-12,1.377
2019-11-13,1.339
2019-11-14,1.306
2019-11-15,1.375
2019-11-16,1.384
2019-11-17,1.353
2019-11-18,1.364
2019-11-19,1.407
2019-11-20,1.347
2019-11-21,1.460
2019-11-22,1.409
2019-11-23,1.413
2019-11-24,1.415
2019-11-25,1.452
2019-11-26,1.387
2019-11-27,1.444
2019-11-28,1.391
2019-11-29,1.393
2019-11-30,1.410
2019-12-01,1.374
2019-12-02,1.350
2019-12-03,1.236
2019-12-04,1.255
2019-12-05,1.151
2019-12-06,1.130
2019-12-07,1.191
2019-12-08,1.192
2019-12-09,1.193
2019-12-10,1.083
2019-12-11,1.105
2019-12-12,1.225
2019-12-13,1.051
2019-12-14,1.091
2019-12-15,1.089
2019-12-16,1.118
2019-12-17,1.161
2019-12-18,1.121
2019-12-19,1.147
2019-12-20,1.124
2019-12-21,1.129
2019-12-22,1.098
2019-12-23,0.975
2019-12-24,0.954
2019-12-25,1.014
2019-12-26,1.028
2019-12-27,0.982
2019-12-28,1.032
2019-12-29,1.088
2019-12-30,1.069
2019-12-31,1.014
2020-01-01,0.894
2020-01-02,0.933
2020-01-03,0.982
2020-01-04,1.011
2020-01-05,0.973
2020-01-06,0.997
2020-01-07,0.976
2020-01-08,0.953
2020-01-09,1.038
2020-01-10,1.054
2020-01-11,1.056
2020-01-12,1.040
2020-01-13,1.054
2020-01-14,1.002
2020-01-15,0.989
2020-01-16,0.998
2020-01-17,0.971
2020-01-18,0.978
2020-01-19,1.003
2020-01-20,0.951
2020-01-21,1.010
2020-01-22,0.959
2020-01-23,0.919
2020-01-24,0.949
2020-01-25,0.957
2020-01-26,0.941
2020-01-27,0.962
2020-01-28,0.967
2020-01-29,0.922
2020-01-30,0.882
2020-01-31,0.901
2020-02-01,0.887
2020-02-02,0.886
2020-02-03,0.861
2020-02-04,0.860
2020-02-05,0.825
2020-02-06,0.790
2020-02-07,0.776
2020-02-08,0.754
2020-02-09,0.765
2020-02-10,0.769
2020-02-11,0.741
2020-02-12,0.719
2020-02-13,0.729
2020-02-14,0.750
2020-02-15,0.753
2020-02-16,0.757
2020-02-17,0.790
2020-02-18,0.828
2020-02-19,0.895
2020-02-20,0.841
2020-02-21,0.852
2020-02-22,0.864
2020-02-23,0.855
2020-02-24,0.855
2020-02-25,0.846
2020-02-26,0.874
2020-02-27,0.861
2020-02-28,0.831
2020-02-29,0.812
2020-03-01,0.843
2020-03-02,0.856
2020-03-03,0.923
2020-03-04,0.876
2020-03-05,0.896
2020-03-06,0.804
2020-03-07,0.798
2020-03-08,0.766
2020-03-09,0.794
2020-03-10,0.846
2020-03-11,0.837
2020-03-12,0.815
2020-03-13,0.844
2020-03-14,0.808
2020-03-15,0.842
2020-03-16,0.775
2020-03-17,0.833
2020-03-18,0.849
2020-03-19,0.843
2020-03-20,0.745
2020-03-21,0.758
2020-03-22,0.779
2020-03-23,0.726
2020-03-24,0.727
2020-03-25,0.777
2020-03-26,0.679
2020-03-27,0.668
2020-03-28,0.640
2020-03-29,0.683
2020-03-30,0.690
2020-03-31,0.607
2020-04-01,0.596
2020-04-02,0.574
2020-04-03,0.546
2020-04-04,0.598
2020-04-05,0.572
2020-04-06,0.566
2020-04-07,0.580
2020-04-08,0.520
2020-04-09,0.519
2020-04-10,0.531
2020-04-11,0.516
2020-04-12,0.518
2020-04-13,0.553
2020-04-14,0.526
2020-04-15,0.468
2020-04-16,0.499
2020-04-17,0.470
2020-04-18,0.512
2020-04-19,0.475
2020-04-20,0.369
2020-04-21,0.318
2020-04-22,0.426
2020-04-23,0.411
2020-04-24,0.355
2020-04-25,0.396
2020-04-26,0.398
2020-04-27,0.429
2020-04-28,0.481
2020-04-29,0.450
2020-04-30,0.424
2020-05-01,0.472
2020-05-02,0.477
2020-05-03,0.484
2020-05-04,0.472
2020-05-05,0.479
2020-05-06,0.502
2020-05-07,0.483
2020-05-08,0.476
2020-05-09,0.472
2020-05-10,0.462
2020-05-11,0.457
2020-05-12,0.450
2020-05-13,0.445
2020-05-14,0.455
2020-05-15,0.435
2020-05-16,0.455
2020-05-17,0.447
2020-05-18,0.406
2020-05-19,0.398
2020-05-20,0.361
2020-05-21,0.321
2020-05-22,0.351
2020-05-23,0.378
2020-05-24,0.373
2020-05-25,0.414
2020-05-26,0.360
2020-05-27,0.318
2020-05-28,0.299
2020-05-29,0.326
2020-05-30,0.333
2020-05-31,0.336
2020-06-01,0.309
2020-06-02,0.403
2020-06-03,0.391
2020-06-04,0.452
2020-06-05,0.416
2020-06-06,0.424
2020-06-07,0.434
2020-06-08,0.452
2020-06-09,0.427
2020-06-10,0.421
2020-06-11,0.451
2020-06-12,0.480
2020-06-13,0.466
2020-06-14,0.467
2020-06-15,0.494
2020-06-16,0.488
2020-06-17,0.474
2020-06-18,0.500
2020-06-19,0.508
2020-06-20,0.470
2020-06-21,0.459
2020-06-22,0.459
2020-06-23,0.538
2020-06-24,0.515
2020-06-25,0.465
2020-06-26,0.482
2020-06-27,0.464
2020-06-28,0.470
2020-06-29,0.512
2020-06-30,0.559
2020-07-01,0.517
2020-07-02,0.489
2020-07-03,0.444
2020-07-04,0.455
2020-07-05,0.458
2020-07-06,0.498
2020-07-07,0.525
2020-07-08,0.498
2020-07-09,0.481
2020-07-10,0.436
2020-07-11,0.449
2020-07-12,0.419
2020-07-13,0.409
2020-07-14,0.410
2020-07-15,0.424
2020-07-16,0.411
2020-07-17,0.450
2020-07-18,0.437
2020-07-19,0.436
2020-07-20,0.427
2020-07-21,0.446
2020-07-22,0.427
2020-07-23,0.454
2020-07-24,0.447
2020-07-25,0.432
2020-07-26,0.432
2020-07-27,0.424
2020-07-28,0.446
2020-07-29,0.453
2020-07-30,0.449
2020-07-31,0.466
2020-08-01,0.453
2020-08-02,0.453
2020-08-03,0.544
2020-08-04,0.518
2020-08-05,0.557
2020-08-06,0.632
2020-08-07,0.681
2020-08-08,0.684
2020-08-09,0.680
2020-08-10,0.692
2020-08-11,0.668
2020-08-12,0.642
2020-08-13,0.678
2020-08-14,0.703
2020-08-15,0.720
2020-08-16,0.721
2020-08-17,0.697
2020-08-18,0.775
2020-08-19,0.741
2020-08-20,0.681
2020-08-21,0.639
2020-08-22,0.641
2020-08-23,0.670
2020-08-24,0.790
2020-08-25,0.830
2020-08-26,0.877
2020-08-27,0.869
2020-08-28,0.914
2020-08-29,0.935
2020-08-30,0.948
2020-08-31,0.969
2020-09-01,0.955
2020-09-02,0.921
2020-09-03,0.957
2020-09-04,1.044
2020-09-05,1.011
2020-09-06,1.027
2020-09-07,0.965
2020-09-08,0.946
2020-09-09,0.971
2020-09-10,0.939
2020-09-11,0.925
2020-09-12,0.873
2020-09-13,0.852
2020-09-14,0.969
2020-09-15,0.990
2020-09-16,0.981
2020-09-17,0.976
2020-09-18,0.976
2020-09-19,0.964
2020-09-20,1.006
2020-09-21,1.041
2020-09-22,1.068
2020-09-23,1.099
2020-09-24,1.087
2020-09-25,1.120
2020-09-26,1.107
2020-09-27,1.106
2020-09-28,1.226
2020-09-29,1.179
2020-09-30,1.200
2020-10-01,1.082
2020-10-02,1.124
2020-10-03,1.183
2020-10-04,1.190
2020-10-05,1.206
2020-10-06,1.212
2020-10-07,1.309
2020-10-08,1.340
2020-10-09,1.270
2020-10-10,1.256
2020-10-11,1.237
2020-10-12,1.291
2020-10-13,1.266
2020-10-14,1.305
2020-10-15,1.375
2020-10-16,1.382
2020-10-17,1.374
2020-10-18,1.372
2020-10-19,1.360
2020-10-20,1.361
2020-10-21,1.386
2020-10-22,1.398
2020-10-23,1.410
2020-10-24,1.411
2020-10-25,1.439
2020-10-26,1.333
2020-10-27,1.416
2020-10-28,1.339
2020-10-29,1.303
2020-10-30,1.166
2020-10-31,1.161
2020-11-01,1.134
2020-11-02,1.049
2020-11-03,1.312
2020-11-04,1.284
2020-11-05,1.297
2020-11-06,1.249
2020-11-07,1.306
2020-11-08,1.263
2020-11-09,1.292
2020-11-10,1.247
2020-11-11,1.270
2020-11-12,1.274
2020-11-13,1.317
2020-11-14,1.265
2020-11-15,1.260
2020-11-16,1.340
2020-11-17,1.202
2020-11-18,1.245
2020-11-19,1.253
2020-11-20,1.146
2020-11-21,1.190
2020-11-22,1.213
2020-11-23,1.306
2020-11-24,1.293
2020-11-25,1.348
2020-11-26,1.394
2020-11-27,1.463
2020-11-28,1.402
2020-11-29,1.351
2020-11-30,1.441
2020-12-01,1.476
2020-12-02,1.454
2020-12-03,1.401
2020-12-04,1.452
2020-12-05,1.412
2020-12-06,1.446
2020-12-07,1.415
2020-12-08,1.391
2020-12-09,1.391
2020-12-10,1.436
2020-12-11,1.484
2020-12-12,1.492
2020-12-13,1.503
2020-12-14,1.559
2020-12-15,1.564
2020-12-16,1.551
2020-12-17,1.510
2020-12-18,1.401
2020-12-19,1.421
2020-12-20,1.511
2020-12-21,1.601
2020-12-22,1.630
2020-12-23,1.474
2020-12-24,1.693
2020-12-25,1.732
2020-12-26,1.671
2020-12-27,1.735
2020-12-28,1.933
2020-12-29,1.956
2020-12-30,1.940
2020-12-31,1.963
2021-01-01,1.950
2021-01-02,1.958
2021-01-03,1.944
2021-01-04,2.039
2021-01-05,1.870
2021-01-06,1.853
2021-01-07,2.006
2021-01-08,2.142
2021-01-09,2.139
2021-01-10,2.088
2021-01-11,2.220
2021-01-12,2.643
2021-01-13,2.336
2021-01-14,2.112
2021-01-15,2.009
2021-01-16,1.914
2021-01-17,1.834
2021-01-18,1.835
2021-01-19,1.828
2021-01-20,1.955
2021-01-21,1.959
2021-01-22,2.052
2021-01-23,1.988
2021-01-24,2.103
2021-01-25,1.973
2021-01-26,1.907
2021-01-27,1.800
2021-01-28,1.907
2021-01-29,1.816
2021-01-30,1.782
2021-01-31,1.822
2021-02-01,1.712
2021-02-02,1.732
2021-02-03,1.587
2021-02-04,1.736
2021-02-05,1.737
2021-02-06,1.611
2021-02-07,1.748
2021-02-08,1.996
2021-02-09,1.903
2021-02-10,1.792
2021-02-11,1.605
2021-02-12,1.584
2021-02-13,1.655
2021-02-14,1.632
2021-02-15,1.435
2021-02-16,1.431
2021-02-17,1.443
2021-02-18,1.515
2021-02-19,1.491
2021-02-20,1.409
2021-02-21,1.429
2021-02-22,1.384
2021-02-23,1.407
2021-02-24,1.366
2021-02-25,1.382
2021-02-26,1.396
2021-02-27,1.410
2021-02-28,1.439
2021-03-01,1.512
2021-03-02,1.514
2021-03-03,1.550
2021-03-04,1.532
2021-03-05,1.538
2021-03-06,1.540
2021-03-07,1.566
2021-03-08,1.543
2021-03-09,1.488
2021-03-10,1.584
2021-03-11,1.592
2021-03-12,1.624
2021-03-13,1.625
2021-03-14,1.610
2021-03-15,1.512
2021-03-16,1.455
2021-03-17,1.575
2021-03-18,1.485
2021-03-19,1.468
2021-03-20,1.423
2021-03-21,1.498
2021-03-22,1.531
2021-03-23,1.514
2021-03-24,1.570
2021-03-25,1.545
2021-03-26,1.602
2021-03-27,1.642
2021-03-28,1.645
2021-03-29,1.536
2021-03-30,1.567
2021-03-31,1.589
2021-04-01,1.745
2021-04-02,1.693
2021-04-03,1.721
2021-04-04,1.603
2021-04-05,1.659
2021-04-06,1.834
2021-04-07,1.988
2021-04-08,1.758
2021-04-09,1.739
2021-04-10,1.789
2021-04-11,1.806
2021-04-12,1.949
2021-04-13,1.910
2021-04-14,1.883
2021-04-15,1.948
2021-04-16,1.902
2021-04-17,1.853
2021-04-18,1.884
2021-04-19,1.873
2021-04-20,1.915
2021-04-21,1.874
2021-04-22,1.889
2021-04-23,1.808
2021-04-24,1.761
2021-04-25,1.820
2021-04-26,1.831
2021-04-27,2.008
2021-04-28,2.026
2021-04-29,2.086
2021-04-30,2.201
2021-05-01,2.213
2021-05-02,2.177
2021-05-03,2.189
2021-05-04,2.223
2021-05-05,2.229
2021-05-06,2.374
2021-05-07,2.188
2021-05-08,2.303
2021-05-09,2.221
2021-05-10,2.196
2021-05-11,2.242
2021-05-12,2.277
2021-05-13,2.360
2021-05-14,2.426
2021-05-15,2.353
2021-05-16,2.317
2021-05-17,2.325
2021-05-18,2.177
2021-05-19,2.034
2021-05-20,2.188
2021-05-21,2.304
2021-05-22,2.271
2021-05-23,2.245
2021-05-24,2.217
2021-05-25,2.428
2021-05-26,2.426
2021-05-27,2.232
2021-05-28,2.165
2021-05-29,2.244
2021-05-30,2.220
2021-05-31,2.159
2021-06-01,2.187
2021-06-02,2.176
2021-06-03,2.246
2021-06-04,2.181
2021-06-05,2.130
2021-06-06,2.156
2021-06-07,2.182
2021-06-08,2.282
2021-06-09,2.315
2021-06-10,2.357
2021-06-11,2.335
2021-06-12,2.379
2021-06-13,2.359
2021-06-14,2.423
2021-06-15,2.350
2021-06-16,2.402
2021-06-17,2.406
2021-06-18,2.533
2021-06-19,2.566
2021-06-20,2.579
2021-06-21,2.575
2021-06-22,2.656
2021-06-23,2.764
2021-06-24,2.742
2021-06-25,2.850
2021-06-26,2.845
2021-06-27,2.759
2021-06-28,2.751
2021-06-29,2.850
2021-06-30,3.051
2021-07-01,3.161
2021-07-02,3.124
2021-07-03,3.018
2021-07-04,2.979
2021-07-05,3.151
2021-07-06,2.856
2021-07-07,2.817
2021-07-08,2.871
2021-07-09,3.086
2021-07-10,3.097
2021-07-11,3.039
2021-07-12,2.920
2021-07-13,3.000
2021-07-14,2.820
2021-07-15,2.826
2021-07-16,2.981
2021-07-17,2.988
2021-07-18,2.981
2021-07-19,3.059
2021-07-20,3.072
2021-07-21,3.082
2021-07-22,3.100
2021-07-23,3.025
2021-07-24,3.050
2021-07-25,3.089
2021-07-26,3.226
2021-07-27,3.338
2021-07-28,3.452
2021-07-29,3.575
2021-07-30,3.516
2021-07-31,3.498
2021-08-01,3.524
2021-08-02,3.645
2021-08-03,3.575
2021-08-04,3.656
2021-08-05,3.566
2021-08-06,3.588
2021-08-07,3.570
2021-08-08,3.589
2021-08-09,3.720
2021-08-10,3.742
2021-08-11,3.820
2021-08-12,3.742
2021-08-13,3.638
2021-08-14,3.733
2021-08-15,3.724
2021-08-16,3.870
2021-08-17,3.928
2021-08-18,3.838
2021-08-19,3.390
2021-08-20,3.545
2021-08-21,3.564
2021-08-22,3.573
2021-08-23,3.610
2021-08-24,3.790
2021-08-25,3.826
2021-08-26,3.864
2021-08-27,4.005
2021-08-28,3.997
2021-08-29,3.945
2021-08-30,4.105
2021-08-31,4.268
2021-09-01,4.305
2021-09-02,4.433
2021-09-03,4.439
2021-09-04,4.449
2021-09-05,4.356
2021-09-06,4.481
2021-09-07,4.533
2021-09-08,4.703
2021-09-09,4.820
2021-09-10,4.756
2021-09-11,4.762
2021-09-12,4.825
2021-09-13,5.170
2021-09-14,5.709
2021-09-15,5.292
2021-09-16,4.978
2021-09-17,5.403
2021-09-18,5.396
2021-09-19,5.382
2021-09-20,6.109
2021-09-21,6.037
2021-09-22,5.849
2021-09-23,5.749
2021-09-24,5.383
2021-09-25,5.032
2021-09-26,4.483
2021-09-27,5.105
2021-09-28,5.629
2021-09-29,5.931
2021-09-30,6.978
2021-10-01,6.475
2021-10-02,5.895
2021-10-03,6.309
2021-10-04,7.339
2021-10-05,8.994
2021-10-06,9.131
2021-10-07,8.165
2021-10-08,6.840
2021-10-09,7.170
2021-10-10,7.185
2021-10-11,7.081
2021-10-12,7.048
2021-10-13,7.312
2021-10-14,7.740
2021-10-15,7.112
2021-10-16,7.353
2021-10-17,7.112
2021-10-18,7.263
2021-10-19,6.942
2021-10-20,7.201
2021-10-21,7.180
2021-10-22,7.101
2021-10-23,7.249
2021-10-24,7.086
2021-10-25,6.990
2021-10-26,7.195
2021-10-27,6.818
2021-10-28,6.515
2021-10-29,5.421
2021-10-30,5.066
2021-10-31,5.068
2021-11-01,5.310
2021-11-02,5.701
2021-11-03,6.152
2021-11-04,6.170
2021-11-05,6.106
2021-11-06,5.684
2021-11-07,5.832
2021-11-08,6.259
2021-11-09,5.842
2021-11-10,5.591
2021-11-11,5.915
2021-11-12,5.976
2021-11-13,6.185
2021-11-14,6.103
2021-11-15,6.691
2021-11-16,7.215
2021-11-17,7.425
2021-11-18,7.466
2021-11-19,7.048
2021-11-20,6.769
2021-11-21,7.360
2021-11-22,7.290
2021-11-23,7.766
2021-11-24,7.825
2021-11-25,7.290
2021-11-26,7.447
2021-11-27,7.615
2021-11-28,7.753
2021-11-29,8.146
2021-11-30,7.655
2021-12-01,8.080
2021-12-02,8.008
2021-12-03,7.768
2021-12-04,7.322
2021-12-05,7.503
2021-12-06,7.711
2021-12-07,8.263
2021-12-08,8.750
2021-12-09,8.574
2021-12-10,8.823
2021-12-11,9.064
2021-12-12,8.769
2021-12-13,9.623
2021-12-14,10.088
2021-12-15,10.498
2021-12-16,11.398
2021-12-17,11.467
2021-12-18,11.644
2021-12-19,13.001
2021-12-20,13.047
2021-12-21,14.223
2021-12-22,14.504
2021-12-23,11.269
2021-12-24,7.273
2021-12-25,6.986
2021-12-26,6.906
2021-12-27,7.143
2021-12-28,7.458
2021-12-29,7.156
2021-12-30,6.441
2021-12-31,4.867
2022-01-01,1.522
2022-01-02,2.081
2022-01-03,5.338
2022-01-04,6.314
2022-01-05,7.636
2022-01-06,7.837
2022-01-07,6.857
2022-01-08,6.558
2022-01-09,7.047
2022-01-10,7.052
2022-01-11,6.589
2022-01-12,6.234
2022-01-13,6.469
2022-01-14,6.913
2022-01-15,7.346
2022-01-16,7.308
2022-01-17,6.919
2022-01-18,6.726
2022-01-19,6.071
2022-01-20,6.199
2022-01-21,6.361
2022-01-22,6.358
2022-01-23,6.464
2022-01-24,7.497
2022-01-25,7.628
2022-01-26,7.311
2022-01-27,7.452
2022-01-28,7.512
2022-01-29,7.531
2022-01-30,7.645
2022-01-31,7.108
2022-02-01,6.056
2022-02-02,5.900
2022-02-03,6.050
2022-02-04,6.318
2022-02-05,6.577
2022-02-06,6.387
2022-02-07,6.442
2022-02-08,6.258
2022-02-09,6.217
2022-02-10,6.091
2022-02-11,6.103
2022-02-12,6.231
2022-02-13,6.301
2022-02-14,6.393
2022-02-15,5.602
2022-02-16,5.518
2022-02-17,5.755
2022-02-18,5.918
2022-02-19,6.514
2022-02-20,6.171
2022-02-21,6.046
2022-02-22,6.130
2022-02-23,6.750
2022-02-24,8.771
2022-02-25,7.247
2022-02-26,8.021
2022-02-27,8.178
2022-02-28,8.389
2022-03-01,9.540
2022-03-02,12.420
2022-03-03,13.121
2022-03-04,14.641
2022-03-05,15.438
2022-03-06,15.528
2022-03-07,17.248
2022-03-08,17.112
2022-03-09,13.994
2022-03-10,11.083
2022-03-11,10.554
2022-03-12,8.805
2022-03-13,9.273
2022-03-14,8.717
2022-03-15,9.123
2022-03-16,8.593
2022-03-17,8.074
2022-03-18,7.702
2022-03-19,6.013
2022-03-20,7.346
2022-03-21,7.555
2022-03-22,7.416
2022-03-23,7.864
2022-03-24,8.499
2022-03-25,7.953
2022-03-26,6.956
2022-03-27,7.486
2022-03-28,8.104
2022-03-29,8.711
2022-03-30,9.297
2022-03-31,9.822
2022-04-01,9.716
2022-04-02,9.457
2022-04-03,8.238
2022-04-04,8.075
2022-04-05,7.820
2022-04-06,7.924
2022-04-07,7.949
2022-04-08,8.084
2022-04-09,8.312
2022-04-10,7.641
2022-04-11,7.204
2022-04-12,7.272
2022-04-13,6.816
2022-04-14,5.329
2022-04-15,6.177
2022-04-16,3.778
2022-04-17,2.930
2022-04-18,5.253
2022-04-19,5.576
2022-04-20,5.126
2022-04-21,4.848
2022-04-22,4.723
2022-04-23,5.876
2022-04-24,6.334
2022-04-25,4.883
2022-04-26,5.047
2022-04-27,4.832
2022-04-28,4.453
2022-04-29,3.754
2022-04-30,2.674
2022-05-01,3.513
2022-05-02,4.359
2022-05-03,4.431
2022-05-04,3.925
2022-05-05,3.842
2022-05-06,2.889
2022-05-07,4.684
2022-05-08,3.763
2022-05-09,2.045
2022-05-10,0.741
2022-05-11,1.385
2022-05-12,1.746
2022-05-13,2.144
2022-05-14,3.094
2022-05-15,2.911
2022-05-16,3.990
2022-05-17,3.421
2022-05-18,1.955
2022-05-19,2.764
2022-05-20,2.693
2022-05-21,3.353
2022-05-22,4.173
2022-05-23,4.401
2022-05-24,4.122
2022-05-25,3.515
2022-05-26,3.101
2022-05-27,4.496
2022-05-28,5.395
2022-05-29,5.275
2022-05-30,5.432
2022-05-31,5.022
2022-06-01,3.881
2022-06-02,3.985
2022-06-03,4.232
2022-06-04,4.268
2022-06-05,4.760
2022-06-06,4.768
2022-06-07,4.340
2022-06-08,3.563
2022-06-09,1.463
2022-06-10,0.430
2022-06-11,3.795
2022-06-12,4.776
2022-06-13,4.993
2022-06-14,5.546
2022-06-15,6.867
2022-06-16,5.102
2022-06-17,4.832
2022-06-18,5.741
2022-06-19,6.244
2022-06-20,5.872
2022-06-21,6.440
2022-06-22,6.581
2022-06-23,6.472
2022-06-24,5.655
2022-06-25,4.862
2022-06-26,4.090
2022-06-27,4.633
2022-06-28,5.419
2022-06-29,5.697
2022-06-30,5.511
2022-07-01,5.437
2022-07-02,5.779
2022-07-03,5.821
2022-07-04,6.927
2022-07-05,8.093
2022-07-06,6.455
2022-07-07,7.172
2022-07-08,7.013
2022-07-09,6.997
2022-07-10,7.306
2022-07-11,7.702
2022-07-12,8.504
2022-07-13,9.300
2022-07-14,7.717
2022-07-15,6.409
2022-07-16,5.555
2022-07-17,5.358
2022-07-18,6.230
2022-07-19,6.392
2022-07-20,7.351
2022-07-21,8.609
2022-07-22,9.635
2022-07-23,8.753
2022-07-24,7.614
2022-07-25,8.516
2022-07-26,10.473
2022-07-27,11.477
2022-07-28,11.430
2022-07-29,10.148
2022-07-30,9.138
2022-07-31,9.475
2022-08-01,9.623
2022-08-02,8.545
2022-08-03,9.799
2022-08-04,9.428
2022-08-05,9.648
2022-08-06,8.308
2022-08-07,9.114
2022-08-08,9.864
2022-08-09,9.755
2022-08-10,10.212
2022-08-11,10.529
2022-08-12,11.965
2022-08-13,12.330
2022-08-14,12.372
2022-08-15,12.630
2022-08-16,12.846
2022-08-17,13.035
2022-08-18,12.854
2022-08-19,12.627
2022-08-20,12.389
2022-08-21,13.355
2022-08-22,15.213
2022-08-23,15.800
2022-08-24,16.954
2022-08-25,17.897
2022-08-26,18.325
2022-08-27,17.762
2022-08-28,18.505
2022-08-29,19.389
2022-08-30,16.253
2022-08-31,12.039
2022-09-01,11.895
2022-09-02,9.750
2022-09-03,8.970
2022-09-04,9.963
2022-09-05,9.744
2022-09-06,7.148
2022-09-07,6.438
2022-09-08,9.962
2022-09-09,11.461
2022-09-10,12.126
2022-09-11,12.076
2022-09-12,11.527
2022-09-13,11.783
2022-09-14,12.707
2022-09-15,11.100
2022-09-16,8.804
2022-09-17,7.790
2022-09-18,8.505
2022-09-19,8.859
2022-09-20,8.980
2022-09-21,8.031
2022-09-22,8.865
2022-09-23,8.006
2022-09-24,8.059
2022-09-25,6.937
2022-09-26,6.139
2022-09-27,7.202
2022-09-28,7.470
2022-09-29,7.538
2022-09-30,6.897
2022-10-01,7.314
2022-10-02,8.153
2022-10-03,6.958
2022-10-04,4.469
2022-10-05,4.358
2022-10-06,5.284
2022-10-07,5.798
2022-10-08,5.011
2022-10-09,5.406
2022-10-10,5.590
2022-10-11,5.884
2022-10-12,6.133
2022-10-13,5.725
2022-10-14,4.288
2022-10-15,3.713
2022-10-16,3.323
2022-10-17,2.084
2022-10-18,0.825
2022-10-19,1.114
2022-10-20,2.758
2022-10-21,2.900
2022-10-22,1.536
2022-10-23,0.912
2022-10-24,1.247
2022-10-25,1.224
2022-10-26,1.514
2022-10-27,1.975
2022-10-28,2.178
2022-10-29,2.604
2022-10-30,3.262
2022-10-31,2.912
2022-11-01,1.862
2022-11-02,3.847
2022-11-03,4.587
2022-11-04,4.310
2022-11-05,3.639
2022-11-06,3.028
2022-11-07,2.691
2022-11-08,3.295
2022-11-09,3.358
2022-11-10,3.214
2022-11-11,3.105
2022-11-12,3.506
2022-11-13,3.896
2022-11-14,3.413
2022-11-15,3.682
2022-11-16,2.868
2022-11-17,2.861
2022-11-18,3.435
2022-11-19,2.576
2022-11-20,3.067
2022-11-21,3.466
2022-11-22,4.154
2022-11-23,4.361
2022-11-24,4.917
2022-11-25,5.207
2022-11-26,5.123
2022-11-27,6.405
2022-11-28,8.325
2022-11-29,11.102
2022-11-30,11.554
2022-12-01,11.912
2022-12-02,11.361
2022-12-03,11.125
2022-12-04,11.603
2022-12-05,11.525
2022-12-06,11.656
2022-12-07,12.660
2022-12-08,12.600
2022-12-09,12.593
2022-12-10,12.161
2022-12-11,13.077
2022-12-12,12.348
2022-12-13,12.112
2022-12-14,11.851
2022-12-15,11.554
2022-12-16,9.982
2022-12-17,9.630
2022-12-18,9.187
2022-12-19,8.393
2022-12-20,7.591
2022-12-21,7.553
2022-12-22,7.044
2022-12-23,6.107
2022-12-24,6.033
2022-12-25,5.705
2022-12-26,6.262
2022-12-27,6.463
2022-12-28,5.837
2022-12-29,5.710
2022-12-30,5.835
2022-12-31,5.909
2023-01-01,5.776
2023-01-02,5.998
2023-01-03,5.690
2023-01-04,5.075
2023-01-05,5.084
2023-01-06,5.178
2023-01-07,5.653
2023-01-08,5.858
2023-01-09,5.813
2023-01-10,5.621
2023-01-11,5.486
2023-01-12,5.665
2023-01-13,5.529
2023-01-14,5.477
2023-01-15,5.659
2023-01-16,5.296
2023-01-17,5.186
2023-01-18,5.302
2023-01-19,5.327
2023-01-20,5.473
2023-01-21,5.698
2023-01-22,6.157
2023-01-23,5.881
2023-01-24,5.144
2023-01-25,5.156
2023-01-26,4.991
2023-01-27,5.144
2023-01-28,4.863
2023-01-29,4.685
2023-01-30,4.819
2023-01-31,5.017
2023-02-01,5.265
2023-02-02,5.037
2023-02-03,5.111
2023-02-04,5.302
2023-02-05,5.540
2023-02-06,5.347
2023-02-07,4.965
2023-02-08,4.730
2023-02-09,4.650
2023-02-10,4.805
2023-02-11,4.658
2023-02-12,4.556
2023-02-13,4.483
2023-02-14,4.565
2023-02-15,4.671
2023-02-16,4.405
2023-02-17,4.114
2023-02-18,4.052
2023-02-19,4.028
2023-02-20,4.108
2023-02-21,4.346
2023-02-22,4.226
2023-02-23,4.458
2023-02-24,4.579
2023-02-25,4.445
2023-02-26,4.452
2023-02-27,4.258
2023-02-28,4.144
2023-03-01,4.251
2023-03-02,4.326
2023-03-03,4.222
2023-03-04,4.325
2023-03-05,4.330
2023-03-06,4.024
2023-03-07,4.145
2023-03-08,4.082
2023-03-09,4.001
2023-03-10,4.408
2023-03-11,4.583
2023-03-12,4.364
2023-03-13,4.259
2023-03-14,3.913
2023-03-15,3.868
2023-03-16,3.670
2023-03-17,3.556
2023-03-18,3.518
2023-03-19,3.535
2023-03-20,3.364
2023-03-21,3.267
2023-03-22,3.236
2023-03-23,3.455
2023-03-24,3.552
2023-03-25,3.603
2023-03-26,3.681
2023-03-27,3.437
2023-03-28,3.608
2023-03-29,3.578
2023-03-30,3.520
2023-03-31,3.872
2023-04-01,3.954
2023-04-02,3.933
2023-04-03,4.033
2023-04-04,3.861
2023-04-05,3.852
2023-04-06,3.422
2023-04-07,3.484
2023-04-08,3.425
2023-04-09,3.421
2023-04-10,3.277
2023-04-11,3.414
2023-04-12,3.513
2023-04-13,3.419
2023-04-14,3.419
2023-04-15,3.335
2023-04-16,3.426
2023-04-17,3.414
2023-04-18,3.417
2023-04-19,3.111
2023-04-20,3.271
2023-04-21,3.342
2023-04-22,3.370
2023-04-23,3.390
2023-04-24,3.306
2023-04-25,3.282
2023-04-26,3.161
2023-04-27,3.199
2023-04-28,3.100
2023-04-29,3.043
2023-04-30,2.956
2023-05-01,3.049
2023-05-02,3.045
2023-05-03,2.899
2023-05-04,2.828
2023-05-05,2.846
2023-05-06,3.024
2023-05-07,2.915
2023-05-08,3.011
2023-05-09,3.007
2023-05-10,2.851
2023-05-11,2.831
2023-05-12,2.703
2023-05-13,2.706
2023-05-14,2.657
2023-05-15,2.480
2023-05-16,2.512
2023-05-17,2.436
2023-05-18,2.263
2023-05-19,2.183
2023-05-20,2.281
2023-05-21,2.200
2023-05-22,2.201
2023-05-23,2.295
2023-05-24,2.256
2023-05-25,2.102
2023-05-26,1.989
2023-05-27,2.134
2023-05-28,2.091
2023-05-29,2.094
2023-05-30,2.076
2023-05-31,2.166
2023-06-01,2.040
2023-06-02,1.944
2023-06-03,1.923
2023-06-04,2.009
2023-06-05,2.304
2023-06-06,2.280
2023-06-07,2.232
2023-06-08,2.217
2023-06-09,2.599
2023-06-10,2.774
2023-06-11,2.877
2023-06-12,2.773
2023-06-13,2.878
2023-06-14,3.226
2023-06-15,3.506
2023-06-16,2.959
2023-06-17,2.945
2023-06-18,2.912
2023-06-19,2.927
2023-06-20,3.260
2023-06-21,3.258
2023-06-22,2.992
2023-06-23,2.846
2023-06-24,2.950
2023-06-25,2.994
2023-06-26,2.926
2023-06-27,2.917
2023-06-28,2.898
2023-06-29,2.879
2023-06-30,3.005
2023-07-01,3.251
2023-07-02,3.273
2023-07-03,3.071
2023-07-04,2.929
2023-07-05,2.875
2023-07-06,2.646
2023-07-07,2.722
2023-07-08,2.766
2023-07-09,2.794
2023-07-10,2.614
2023-07-11,2.493
2023-07-12,2.273
2023-07-13,2.188
2023-07-14,2.179
2023-07-15,2.018
2023-07-16,1.974
2023-07-17,2.030
2023-07-18,2.273
2023-07-19,2.312
2023-07-20,2.382
2023-07-21,2.435
2023-07-22,2.386
2023-07-23,2.296
2023-07-24,2.448
2023-07-25,2.731
2023-07-26,2.521
2023-07-27,2.380
2023-07-28,2.185
2023-07-29,2.057
2023-07-30,2.045
2023-07-31,2.105
2023-08-01,2.266
2023-08-02,2.329
2023-08-03,2.556
2023-08-04,2.486
2023-08-05,2.420
2023-08-06,2.401
2023-08-07,2.403
2023-08-08,2.453
2023-08-09,2.985
2023-08-10,2.946
2023-08-11,2.789
2023-08-12,2.795
2023-08-13,2.908
2023-08-14,2.816
2023-08-15,3.061
2023-08-16,3.019
2023-08-17,2.887
2023-08-18,2.917
2023-08-19,3.070
2023-08-20,3.307
2023-08-21,3.335
2023-08-22,3.600
2023-08-23,3.280
2023-08-24,2.866
2023-08-25,2.889
2023-08-26,2.972
2023-08-27,2.920
2023-08-28,3.179
2023-08-29,3.124
2023-08-30,3.079
2023-08-31,2.944
2023-09-01,3.016
2023-09-02,3.069
2023-09-03,3.049
2023-09-04,2.820
2023-09-05,2.761
2023-09-06,2.687
2023-09-07,2.680
2023-09-08,2.840
2023-09-09,3.092
2023-09-10,3.156
2023-09-11,3.186
2023-09-12,3.015
2023-09-13,3.162
2023-09-14,3.158
2023-09-15,3.173
2023-09-16,3.250
2023-09-17,3.222
2023-09-18,3.038
2023-09-19,3.198
2023-09-20,3.203
2023-09-21,3.324
2023-09-22,3.491
2023-09-23,3.476
2023-09-24,3.471
2023-09-25,3.576
2023-09-26,3.376
2023-09-27,3.480
2023-09-28,3.476
2023-09-29,3.363
2023-09-30,3.364
2023-10-01,3.346
2023-10-02,2.977
2023-10-03,2.535
2023-10-04,2.582
2023-10-05,2.302
2023-10-06,2.703
2023-10-07,2.866
2023-10-08,2.987
2023-10-09,3.112
2023-10-10,3.696
2023-10-11,3.881
2023-10-12,4.161
2023-10-13,4.550
2023-10-14,4.515
2023-10-15,4.568
2023-10-16,4.243
2023-10-17,3.643
2023-10-18,3.747
2023-10-19,3.579
2023-10-20,3.760
2023-10-21,3.914
2023-10-22,4.066
2023-10-23,4.194
2023-10-24,4.093
2023-10-25,4.142
2023-10-26,4.092
2023-10-27,4.113
2023-10-28,4.345
2023-10-29,4.369
2023-10-30,4.346
2023-10-31,3.912
2023-11-01,3.230
2023-11-02,3.410
2023-11-03,3.464
2023-11-04,3.695
2023-11-05,3.563
2023-11-06,3.526
2023-11-07,3.562
2023-11-08,3.583
2023-11-09,3.568
2023-11-10,3.573
2023-11-11,3.530
2023-11-12,3.353
2023-11-13,3.267
2023-11-14,3.391
2023-11-15,3.617
2023-11-16,3.595
2023-11-17,3.569
2023-11-18,3.560
2023-11-19,3.600
2023-11-20,3.792
2023-11-21,3.856
2023-11-22,3.869
2023-11-23,4.051
2023-11-24,4.166
2023-11-25,4.150
2023-11-26,4.159
2023-11-27,3.993
2023-11-28,3.845
2023-11-29,3.629
2023-11-30,3.702
2023-12-01,3.711
2023-12-02,3.856
2023-12-03,3.602
2023-12-04,3.456
2023-12-05,3.314
2023-12-06,3.320
2023-12-07,3.401
2023-12-08,3.273
2023-12-09,3.188
2023-12-10,3.211
2023-12-11,3.076
2023-12-12,2.923
2023-12-13,2.888
2023-12-14,2.831
2023-12-15,2.684
2023-12-16,2.530
2023-12-17,2.584
2023-12-18,2.642
2023-12-19,2.543
2023-12-20,2.487
2023-12-21,2.509
2023-12-22,2.623
2023-12-23,2.678
2023-12-24,2.534
2023-12-25,2.562
2023-12-26,2.706
2023-12-27,2.693
2023-12-28,2.711
2023-12-29,2.679
2023-12-30,2.607
2023-12-31,2.555
2024-01-01,2.422
2024-01-02,2.413
2024-01-03,2.672
2024-01-04,2.929
2024-01-05,2.971
2024-01-06,2.913
2024-01-07,3.024
2024-01-08,2.879
2024-01-09,2.687
2024-01-10,2.775
2024-01-11,2.704
2024-01-12,2.878
2024-01-13,2.686
2024-01-14,2.678
2024-01-15,2.637
2024-01-16,2.560
2024-01-17,2.420
2024-01-18,2.419
2024-01-19,2.389
2024-01-20,2.403
2024-01-21,2.328
2024-01-22,2.293
2024-01-23,2.265
2024-01-24,2.323
2024-01-25,2.373
2024-01-26,2.323
2024-01-27,2.497
2024-01-28,2.466
2024-01-29,2.400
2024-01-30,2.443
2024-01-31,2.504
2024-02-01,2.455
2024-02-02,2.375
2024-02-03,2.378
2024-02-04,2.475
2024-02-05,2.439
2024-02-06,2.455
2024-02-07,2.440
2024-02-08,2.396
2024-02-09,2.255
2024-02-10,2.153
2024-02-11,2.125
2024-02-12,2.149
2024-02-13,2.175
2024-02-14,2.023
2024-02-15,2.025
2024-02-16,2.031
2024-02-17,1.940
2024-02-18,1.877
2024-02-19,1.902
2024-02-20,1.964
2024-02-21,2.004
2024-02-22,1.974
2024-02-23,1.968
2024-02-24,1.950
2024-02-25,1.910
2024-02-26,2.025
2024-02-27,2.102
2024-02-28,2.179
2024-02-29,2.181
2024-03-01,2.278
2024-03-02,2.204
2024-03-03,2.247
2024-03-04,2.301
2024-03-05,2.442
2024-03-06,2.327
2024-03-07,2.328
2024-03-08,2.345
2024-03-09,2.349
2024-03-10,2.370
2024-03-11,2.349
2024-03-12,2.193
2024-03-13,2.137
2024-03-14,2.185
2024-03-15,2.261
2024-03-16,2.436
2024-03-17,2.399
2024-03-18,2.494
2024-03-19,2.532
2024-03-20,2.429
2024-03-21,2.325
2024-03-22,2.373
2024-03-23,2.322
2024-03-24,2.373
2024-03-25,2.451
2024-03-26,2.382
2024-03-27,2.362
2024-03-28,2.308
2024-03-29,2.326
2024-03-30,2.239
2024-03-31,2.264
2024-04-01,2.340
2024-04-02,2.274
2024-04-03,2.147
2024-04-04,2.133
2024-04-05,2.167
2024-04-06,2.196
2024-04-07,2.236
2024-04-08,2.286
2024-04-09,2.248
2024-04-10,2.308
2024-04-11,2.394
2024-04-12,2.435
2024-04-13,2.516
2024-04-14,2.725
2024-04-15,2.629
2024-04-16,2.783
2024-04-17,2.757
2024-04-18,2.729
2024-04-19,2.630
2024-04-20,2.507
2024-04-21,2.562
2024-04-22,2.581
2024-04-23,2.439
2024-04-24,2.506
2024-04-25,2.606
2024-04-26,2.545
2024-04-27,2.700
2024-04-28,2.623
2024-04-29,2.513
2024-04-30,2.470
2024-05-01,2.404
2024-05-02,2.553
2024-05-03,2.569
2024-05-04,2.574
2024-05-05,2.559
2024-05-06,2.696
2024-05-07,2.620
2024-05-08,2.568
2024-05-09,2.553
2024-05-10,2.475
2024-05-11,2.450
2024-05-12,2.382
2024-05-13,2.321
2024-05-14,2.467
2024-05-15,2.481
2024-05-16,2.454
2024-05-17,2.509
2024-05-18,2.589
2024-05-19,2.566
2024-05-20,2.623
2024-05-21,2.671
2024-05-22,2.789
2024-05-23,2.969
2024-05-24,2.924
2024-05-25,2.865
2024-05-26,2.838
2024-05-27,2.878
2024-05-28,2.829
2024-05-29,2.828
2024-05-30,2.868
2024-05-31,2.891
2024-06-01,2.885
2024-06-02,2.915
2024-06-03,2.969
2024-06-04,2.827
2024-06-05,2.771
2024-06-06,2.737
2024-06-07,2.757
2024-06-08,2.776
2024-06-09,2.775
2024-06-10,2.769
2024-06-11,2.800
2024-06-12,2.854
2024-06-13,2.933
2024-06-14,2.880
2024-06-15,2.873
2024-06-16,2.857
2024-06-17,2.817
2024-06-18,2.816
2024-06-19,2.827
2024-06-20,2.821
2024-06-21,2.804
2024-06-22,2.805
2024-06-23,2.826
2024-06-24,2.809
2024-06-25,2.804
2024-06-26,2.780
2024-06-27,2.732
2024-06-28,2.735
2024-06-29,2.790
2024-06-30,2.806
2024-07-01,2.743
2024-07-02,2.700
2024-07-03,2.590
2024-07-04,2.663
2024-07-05,2.623
2024-07-06,2.594
2024-07-07,2.606
2024-07-08,2.627
2024-07-09,2.487
2024-07-10,2.445
2024-07-11,2.456
2024-07-12,2.458
2024-07-13,2.479
2024-07-14,2.440
2024-07-15,2.471
2024-07-16,2.594
2024-07-17,2.514
2024-07-18,2.532
2024-07-19,2.488
2024-07-20,2.468
2024-07-21,2.487
2024-07-22,2.491
2024-07-23,2.473
2024-07-24,2.554
2024-07-25,2.480
2024-07-26,2.545
2024-07-27,2.557
2024-07-28,2.495
2024-07-29,2.604
2024-07-30,2.713
2024-07-31,2.765
2024-08-01,2.888
2024-08-02,2.811
2024-08-03,2.805
2024-08-04,2.749
2024-08-05,2.688
2024-08-06,2.699
2024-08-07,2.730
2024-08-08,2.752
2024-08-09,2.792
2024-08-10,2.933
2024-08-11,2.918
2024-08-12,2.924
2024-08-13,2.897
2024-08-14,2.755
2024-08-15,2.675
2024-08-16,2.732
2024-08-17,2.807
2024-08-18,2.815
2024-08-19,2.984
2024-08-20,2.990
2024-08-21,2.943
2024-08-22,2.930
2024-08-23,2.916
2024-08-24,2.733
2024-08-25,2.772
2024-08-26,2.846
2024-08-27,2.920
2024-08-28,3.129
2024-08-29,3.121
2024-08-30,3.199
2024-08-31,3.129
2024-09-01,3.125
2024-09-02,3.199
2024-09-03,3.043
2024-09-04,2.952
2024-09-05,2.948
2024-09-06,3.005
2024-09-07,3.033
2024-09-08,3.014
2024-09-09,3.041
2024-09-10,2.990
2024-09-11,2.986
2024-09-12,2.935
2024-09-13,2.899
2024-09-14,2.941
2024-09-15,2.960
2024-09-16,2.834
2024-09-17,2.804
2024-09-18,2.840
2024-09-19,2.774
2024-09-20,2.812
2024-09-21,2.869
2024-09-22,2.917
2024-09-23,2.908
2024-09-24,2.902
2024-09-25,3.037
2024-09-26,3.073
2024-09-27,3.115
2024-09-28,3.203
2024-09-29,3.196
2024-09-30,3.175
2024-10-01,3.206
2024-10-02,3.216
2024-10-03,3.217
2024-10-04,3.337
2024-10-05,3.338
2024-10-06,3.367
2024-10-07,3.366
2024-10-08,3.228
2024-10-09,3.209
2024-10-10,3.306
2024-10-11,3.308
2024-10-12,3.292
2024-10-13,3.379
2024-10-14,3.366
2024-10-15,3.305
2024-10-16,3.284
2024-10-17,3.273
2024-10-18,3.308
2024-10-19,3.256
2024-10-20,3.278
2024-10-21,3.366
2024-10-22,3.458
2024-10-23,3.485
2024-10-24,3.574
2024-10-25,3.670
2024-10-26,3.681
2024-10-27,3.669
2024-10-28,3.649
2024-10-29,3.635
2024-10-30,3.536
2024-10-31,3.384
2024-11-01,3.337
2024-11-02,3.285
2024-11-03,3.337
2024-11-04,3.424
2024-11-05,3.490
2024-11-06,3.492
2024-11-07,3.512
2024-11-08,3.633
2024-11-09,3.627
2024-11-10,3.585
2024-11-11,3.713
2024-11-12,3.791
2024-11-13,3.800
2024-11-14,3.908
2024-11-15,3.947
2024-11-16,3.882
2024-11-17,3.901
2024-11-18,3.979
2024-11-19,3.983
2024-11-20,3.987
2024-11-21,4.108
2024-11-22,4.019
2024-11-23,3.919
2024-11-24,3.737
2024-11-25,3.960
2024-11-26,4.049
2024-11-27,3.986
2024-11-28,3.993
2024-11-29,3.984
2024-11-30,4.015
2024-12-01,4.026
2024-12-02,4.109
2024-12-03,4.131
2024-12-04,4.030
2024-12-05,3.953
2024-12-06,3.953
2024-12-07,3.957
2024-12-08,3.968
2024-12-09,3.877
2024-12-10,3.824
2024-12-11,3.813
2024-12-12,3.669
2024-12-13,3.555
2024-12-14,3.363
2024-12-15,3.343
2024-12-16,3.332
2024-12-17,3.434
2024-12-18,3.389
2024-12-19,3.595
2024-12-20,3.707
2024-12-21,3.687
2024-12-22,3.731
2024-12-23,3.817
2024-12-24,3.860
2024-12-25,3.889
2024-12-26,3.997
2024-12-27,4.076
2024-12-28,4.174
2024-12-29,4.161
2024-12-30,4.101
2024-12-31,4.160
2025-01-01,4.192
2025-01-02,4.265
2025-01-03,4.272
2025-01-04,4.252
2025-01-05,4.209
2025-01-06,4.122
2025-01-07,4.033
2025-01-08,4.204
2025-01-09,3.949
2025-01-10,4.011
2025-01-11,4.105
2025-01-12,4.017
2025-01-13,4.123
2025-01-14,4.138
2025-01-15,4.101
2025-01-16,4.048
2025-01-17,4.188
2025-01-18,4.246
2025-01-19,4.367
2025-01-20,4.338
2025-01-21,4.376
2025-01-22,4.339
2025-01-23,4.311
2025-01-24,4.293
2025-01-25,4.247
2025-01-26,4.253
2025-01-27,4.190
2025-01-28,4.199
2025-01-29,4.431
2025-01-30,4.498
2025-01-31,4.581
2025-02-01,4.559
2025-02-02,4.572
2025-02-03,4.603
2025-02-04,4.567
2025-02-05,4.579
2025-02-06,4.627
2025-02-07,4.714
2025-02-08,4.803
2025-02-09,4.743
2025-02-10,4.883
2025-02-11,4.926
2025-02-12,4.777
2025-02-13,4.496
2025-02-14,4.298
2025-02-15,4.255
2025-02-16,4.282
2025-02-17,4.150
2025-02-18,4.035
2025-02-19,4.074
2025-02-20,3.893
2025-02-21,3.768
2025-02-22,3.742
2025-02-23,3.735
2025-02-24,3.727
2025-02-25,3.696
2025-02-26,3.521
2025-02-27,3.659
2025-02-28,3.741
2025-03-01,3.751
2025-03-02,3.761
2025-03-03,3.741
2025-03-04,3.554
2025-03-05,3.419
2025-03-06,3.304
2025-03-07,3.272
2025-03-08,3.198
2025-03-09,3.259
2025-03-10,3.389
2025-03-11,3.632
2025-03-12,3.639
2025-03-13,3.576
2025-03-14,3.578
2025-03-15,3.653
2025-03-16,3.634
2025-03-17,3.561
2025-03-18,3.386
2025-03-19,3.574
2025-03-20,3.433
2025-03-21,3.558
2025-03-22,3.580
2025-03-23,3.624
2025-03-24,3.532
2025-03-25,3.447
2025-03-26,3.331
2025-03-27,3.324
2025-03-28,3.283
2025-03-29,3.271
2025-03-30,3.244
2025-03-31,3.258
2025-04-01,3.406
2025-04-02,3.405
2025-04-03,3.307
2025-04-04,3.088
2025-04-05,3.009
2025-04-06,3.000
2025-04-07,3.011
2025-04-08,3.009
2025-04-09,2.914
2025-04-10,2.845
2025-04-11,2.806
2025-04-12,2.827
2025-04-13,2.803
2025-04-14,2.861
2025-04-15,2.872
2025-04-16,2.920
2025-04-17,2.957
2025-04-18,2.992
2025-04-19,2.958
2025-04-20,2.985
2025-04-21,3.039
2025-04-22,2.951
2025-04-23,2.896
2025-04-24,2.803
2025-04-25,2.734
2025-04-26,2.628
2025-04-27,2.606
2025-04-28,2.654
2025-04-29,2.603
2025-04-30,2.634
2025-05-01,2.559
2025-05-02,2.647
2025-05-03,2.645
2025-05-04,2.676
2025-05-05,2.729
2025-05-06,2.792
2025-05-07,2.835
2025-05-08,3.313
2025-05-09,2.836
2025-05-10,2.647
2025-05-11,2.665
2025-05-12,2.715
2025-05-13,2.810
2025-05-14,2.720
2025-05-15,2.869
2025-05-16,2.725
2025-05-17,2.877
2025-05-18,2.929
2025-05-19,2.871
2025-05-20,2.994
2025-05-21,2.990
2025-05-22,2.999
2025-05-23,2.989
2025-05-24,3.017
2025-05-25,2.949
2025-05-26,3.065
2025-05-27,3.078
2025-05-28,2.997
2025-05-29,2.855
2025-05-30,2.741
2025-05-31,2.607
2025-06-01,2.655
2025-06-02,2.776
2025-06-03,2.874
2025-06-04,2.878
2025-06-05,2.974
2025-06-06,2.987
2025-06-07,2.912
2025-06-08,2.896
2025-06-09,2.853
2025-06-10,2.780
2025-06-11,2.899
2025-06-12,2.940
2025-06-13,3.069
2025-06-14,3.058
2025-06-15,3.125
2025-06-16,3.152
2025-06-17,3.188
2025-06-18,3.210
2025-06-19,3.390
2025-06-20,3.367
2025-06-21,3.322
2025-06-22,3.420
2025-06-23,3.301
2025-06-24,2.988
2025-06-25,2.840
2025-06-26,2.682
2025-06-27,2.649
2025-06-28,2.659
2025-06-29,2.666
2025-06-30,2.649
2025-07-01,2.736
2025-07-02,2.735
2025-07-03,2.707
2025-07-04,2.688
2025-07-05,2.682
2025-07-06,2.685
2025-07-07,2.690
2025-07-08,2.770
2025-07-09,2.804
2025-07-10,2.847
2025-07-11,2.866
2025-07-12,2.869
2025-07-13,2.903
2025-07-14,2.879
2025-07-15,2.756
2025-07-16,2.953
2025-07-17,2.894
2025-07-18,2.745
2025-07-19,2.734
2025-07-20,2.770
2025-07-21,2.762
2025-07-22,2.735
2025-07-23,2.712
2025-07-24,2.695
2025-07-25,2.697
2025-07-26,2.670
2025-07-27,2.674
2025-07-28,2.691
2025-07-29,2.822
2025-07-30,2.816
2025-07-31,2.856
2025-08-01,2.753
2025-08-02,2.832
2025-08-03,2.778
2025-08-04,2.747
2025-08-05,2.777
2025-08-06,2.732
2025-08-07,2.657
2025-08-08,2.611
2025-08-09,2.604
2025-08-10,2.653
2025-08-11,2.730
2025-08-12,2.733
2025-08-13,2.724
2025-08-14,2.683
2025-08-15,2.583
2025-08-16,2.551
2025-08-17,2.594
2025-08-18,2.619
2025-08-19,2.596
2025-08-20,2.699
2025-08-21,2.771
2025-08-22,2.825
2025-08-23,2.832
2025-08-24,2.817
2025-08-25,2.836
2025-08-26,2.838
2025-08-27,2.772
2025-08-28,2.681
2025-08-29,2.660
2025-08-30,2.686
2025-08-31,2.691
2025-09-01,2.688
2025-09-02,2.670
2025-09-03,2.663
2025-09-04,2.677
2025-09-05,2.673
2025-09-06,2.663
2025-09-07,2.677
2025-09-08,2.737
2025-09-09,2.771
2025-09-10,2.772
2025-09-11,2.710
2025-09-12,2.731
2025-09-13,2.708
2025-09-14,2.730
2025-09-15,2.674
2025-09-16,2.714
2025-09-17,2.707
2025-09-18,2.770
2025-09-19,2.744
2025-09-20,2.730
2025-09-21,2.717
2025-09-22,2.729
2025-09-23,2.727
2025-09-24,2.707
2025-09-25,2.719
2025-09-26,2.755
2025-09-27,2.745
2025-09-28,2.774
2025-09-29,2.739
2025-09-30,2.667
2025-10-01,2.594
2025-10-02,2.439
2025-10-03,2.430
2025-10-04,2.700
2025-10-05,2.723
2025-10-06,2.847
2025-10-07,2.922
2025-10-08,2.867
2025-10-09,2.838
2025-10-10,2.798
2025-10-11,2.790
2025-10-12,2.825
2025-10-13,2.759
2025-10-14,2.740
2025-10-15,2.755
2025-10-16,2.776
2025-10-17,2.735
2025-10-18,2.709
2025-10-19,2.687
2025-10-20,2.556
2025-10-21,2.496
2025-10-22,2.643
2025-10-23,2.646
2025-10-24,2.669
2025-10-25,2.658
2025-10-26,2.694
2025-10-27,2.609
2025-10-28,2.559
2025-10-29,2.650
2025-10-30,2.578
2025-10-31,2.520
2025-11-01,2.496
2025-11-02,2.511
2025-11-03,2.554
2025-11-04,2.631
2025-11-05,2.583
2025-11-06,2.560
2025-11-07,2.614
2025-11-08,2.482
2025-11-09,2.507
2025-11-10,2.435
2025-11-11,2.115
2025-11-12,2.254
2025-11-13,2.343
2025-11-14,2.483
2025-11-15,2.485
2025-11-16,2.392
2025-11-17,2.748
2025-11-18,2.884
2025-11-19,2.799
2025-11-20,2.810
2025-11-21,2.732
2025-11-22,2.684
2025-11-23,2.623
2025-11-24,2.661
2025-11-25,2.667
2025-11-26,2.624
2025-11-27,2.572
2025-11-28,2.564
2025-11-29,2.501
2025-11-30,2.510
2025-12-01,2.478
2025-12-02,2.469
2025-12-03,2.478
2025-12-04,2.347
2025-12-05,2.356
2025-12-06,2.334
2025-12-07,2.319
2025-12-08,2.306
2025-12-09,2.364
2025-12-10,2.346
2025-12-11,2.324
2025-12-12,2.425
2025-12-13,2.426
2025-12-14,2.411
2025-12-15,2.442
2025-12-16,2.378
2025-12-17,2.428
2025-12-18,2.437
2025-12-19,2.516
2025-12-20,2.542
2025-12-21,2.515
2025-12-22,2.441
2025-12-23,2.415
2025-12-24,2.482
2025-12-25,2.486
2025-12-26,2.531
2025-12-27,2.542
2025-12-28,2.568
2025-12-29,2.588
2025-12-30,2.596
2025-12-31,2.621
2026-01-01,2.589
2026-01-02,2.599
2026-01-03,2.626
2026-01-04,2.745
2026-01-05,2.777
2026-01-06,2.607
2026-01-07,2.618
2026-01-08,2.519
2026-01-09,2.481
2026-01-10,2.532
2026-01-11,2.505
2026-01-12,2.644
2026-01-13,2.852
2026-01-14,2.948
2026-01-15,3.055
2026-01-16,3.361
2026-01-17,3.396
2026-01-18,3.382
2026-01-19,3.280
2026-01-20,3.204
2026-01-21,3.345
2026-01-22,3.456
2026-01-23,3.455
2026-01-24,3.422
2026-01-25,3.494
2026-01-26,3.561
2026-01-27,3.535
2026-01-28,3.435
2026-01-29,3.519
2026-01-30,3.533
2026-01-31,3.496
2026-02-01,3.396
2026-02-02,3.103
2026-02-03,2.842
2026-02-04,2.832
2026-02-05,2.921
2026-02-06,3.034
2026-02-07,2.877
2026-02-08,2.893
2026-02-09,2.846
2026-02-10,2.690
2026-02-11,2.679
2026-02-12,2.712
2026-02-13,2.661
2026-02-14,2.676
2026-02-15,2.638
2026-02-16,2.554
2026-02-17,2.535
2026-02-18,2.586
2026-02-19,2.767
2026-02-20,2.666
2026-02-21,2.565
2026-02-22,2.487
2026-02-23,2.582
2026-02-24,2.485
2026-02-25,2.499
2026-02-26,2.513
2026-02-27,2.614
2026-02-28,2.885
2026-03-01,3.103
2026-03-02,3.468
2026-03-03,4.531
2026-03-04,4.493
2026-03-05,4.341
2026-03-06,4.535
2026-03-07,4.768
2026-03-08,5.204
2026-03-09,5.126
2026-03-10,4.052
2026-03-11,4.121
2026-03-12,4.315
2026-03-13,4.332
2026-03-14,4.503
2026-03-15,4.360
