date,GBp per thm
2016-03-21,172.99
2016-03-28,174.75
2016-04-04,26.640
2016-04-11,26.580
2016-04-18,172.95
2016-04-25,28.610
2016-05-02,29.180
2016-05-09,29.020
2016-05-16,29.320
2016-05-23,31.270
2016-05-30,33.060
2016-06-06,32.850
2016-06-13,34.230
2016-06-20,34.590
2016-06-27,34.690
2016-07-04,34.870
2016-07-11,33.240
2016-07-18,36.120
2016-07-25,36.620
2016-08-01,34.110
2016-08-08,31.780
2016-08-15,28.070
2016-08-22,29.570
2016-08-29,32.510
2016-09-05,30.300
2016-09-12,33.470
2016-09-19,37.020
2016-09-26,41.000
2016-10-03,44.810
2016-10-10,45.260
2016-10-17,46.910
2016-10-24,48.050
2016-10-31,51.940
2016-11-07,50.220
2016-11-14,48.850
2016-11-21,47.320
2016-11-28,46.910
2016-12-05,43.400
2016-12-12,46.020
2016-12-19,48.650
2016-12-26,53.630
2017-01-02,49.770
2017-01-09,55.080
2017-01-16,55.560
2017-01-23,51.380
2017-01-30,59.820
2017-02-06,51.790
2017-02-13,48.470
2017-02-20,45.810
2017-02-27,43.290
2017-03-06,42.390
2017-03-13,41.690
2017-03-20,38.870
2017-03-27,39.650
2017-04-03,39.400
2017-04-10,38.510
2017-04-17,39.580
2017-04-24,38.160
2017-05-01,37.370
2017-05-08,35.970
2017-05-15,36.880
2017-05-22,169.14
2017-05-29,36.520
2017-06-05,36.740
2017-06-12,34.470
2017-06-19,35.600
2017-06-26,36.200
2017-07-03,36.170
2017-07-10,33.720
2017-07-17,36.760
2017-07-24,38.560
2017-07-31,39.920
2017-08-07,43.100
2017-08-14,43.590
2017-08-21,44.450
2017-08-28,172.72
2017-09-04,45.250
2017-09-11,44.990
2017-09-18,43.750
2017-09-25,47.320
2017-10-02,50.020
2017-10-09,49.190
2017-10-16,48.910
2017-10-23,47.850
2017-10-30,50.890
2017-11-06,54.830
2017-11-13,52.270
2017-11-20,57.720
2017-11-27,58.420
2017-12-04,58.100
2017-12-11,61.370
2017-12-18,56.850
2017-12-25,56.430
2018-01-01,52.910
2018-01-08,55.970
2018-01-15,50.130
2018-01-22,49.140
2018-01-29,50.030
2018-02-05,50.180
2018-02-12,51.220
2018-02-19,57.700
2018-02-26,48.660
2018-03-05,51.210
2018-03-12,50.090
2018-03-19,48.780
2018-03-26,47.360
2018-04-02,46.870
2018-04-09,50.350
2018-04-16,51.310
2018-04-23,52.630
2018-04-30,52.280
2018-05-07,53.890
2018-05-14,55.460
2018-05-21,55.170
2018-05-28,55.000
2018-06-04,54.340
2018-06-11,54.350
2018-06-18,53.510
2018-06-25,55.240
2018-07-02,57.680
2018-07-09,57.650
2018-07-16,57.140
2018-07-23,57.280
2018-07-30,58.770
2018-08-06,60.410
2018-08-13,63.680
2018-08-20,66.520
2018-08-27,67.790
2018-09-03,73.410
2018-09-10,70.190
2018-09-17,76.500
2018-09-24,75.060
2018-10-01,75.330
2018-10-08,72.220
2018-10-15,72.560
2018-10-22,65.270
2018-10-29,67.550
2018-11-05,67.100
2018-11-12,72.270
2018-11-19,67.610
2018-11-26,67.540
2018-12-03,63.300
2018-12-10,67.950
2018-12-17,69.050
2018-12-24,62.630
2018-12-31,63.550
2019-01-07,61.390
2019-01-14,61.790
2019-01-21,56.040
2019-01-28,50.070
2019-02-04,48.050
2019-02-11,47.070
2019-02-18,44.900
2019-02-25,43.070
2019-03-04,41.950
2019-03-11,37.580
2019-03-18,36.250
2019-03-25,34.610
2019-04-01,41.090
2019-04-08,38.520
2019-04-15,34.410
2019-04-22,33.900
2019-04-29,33.990
2019-05-06,32.540
2019-05-13,29.830
2019-05-20,29.930
2019-05-27,27.570
2019-06-03,28.590
2019-06-10,28.310
2019-06-17,27.150
2019-06-24,25.650
2019-07-01,29.590
2019-07-08,35.830
2019-07-15,29.090
2019-07-22,27.520
2019-07-29,32.720
2019-08-05,33.990
2019-08-12,30.480
2019-08-19,29.840
2019-08-26,33.030
2019-09-02,31.960
2019-09-09,38.150
2019-09-16,33.300
2019-09-23,30.650
2019-09-30,41.900
2019-10-07,42.130
2019-10-14,41.610
2019-10-21,39.950
2019-10-28,42.820
2019-11-04,41.940
2019-11-11,41.030
2019-11-18,42.200
2019-11-25,42.760
2019-12-02,39.050
2019-12-09,35.170
2019-12-16,37.120
2019-12-23,33.130
2019-12-30,33.070
2020-01-06,30.450
2020-01-13,28.310
2020-01-20,27.120
2020-01-27,24.180
2020-02-03,22.130
2020-02-10,20.860
2020-02-17,22.920
2020-02-24,21.700
2020-03-02,21.850
2020-03-09,23.980
2020-03-16,22.240
2020-03-23,18.460
2020-03-30,16.220
2020-04-06,16.860
2020-04-13,15.360
2020-04-20,12.760
2020-04-27,13.280
2020-05-04,13.980
2020-05-11,12.590
2020-05-18,9.46
2020-05-25,9.63
2020-06-01,13.890
2020-06-08,13.960
2020-06-15,14.420
2020-06-22,13.920
2020-06-29,15.110
2020-07-06,13.670
2020-07-13,13.420
2020-07-20,13.590
2020-07-27,15.640
2020-08-03,21.820
2020-08-10,22.010
2020-08-17,21.050
2020-08-24,28.950
2020-08-31,30.310
2020-09-07,27.780
2020-09-14,30.360
2020-09-21,31.910
2020-09-28,36.250
2020-10-05,38.300
2020-10-12,40.940
2020-10-19,43.620
2020-10-26,41.500
2020-11-02,39.980
2020-11-09,40.270
2020-11-16,36.210
2020-11-23,41.680
2020-11-30,42.570
2020-12-07,46.350
2020-12-14,45.970
2020-12-21,51.070
2020-12-28,56.400
2021-01-04,60.690
2021-01-11,59.350
2021-01-18,60.150
2021-01-25,53.150
2021-02-01,48.170
2021-02-08,44.850
2021-02-15,42.100
2021-02-22,39.790
2021-03-01,41.250
2021-03-08,47.500
2021-03-15,43.100
2021-03-22,48.390
2021-03-29,47.210
2021-04-05,46.860
2021-04-12,51.150
2021-04-19,50.720
2021-04-26,60.240
2021-05-03,61.230
2021-05-10,68.710
2021-05-17,62.740
2021-05-24,60.680
2021-05-31,62.710
2021-06-07,67.600
2021-06-14,71.830
2021-06-21,79.880
2021-06-28,88.940
2021-07-05,90.020
2021-07-12,85.480
2021-07-19,88.440
2021-07-26,103.75
2021-08-02,108.04
2021-08-09,110.89
2021-08-16,104.76
2021-08-23,120.97
2021-08-30,130.45
2021-09-06,145.52
2021-09-13,162.80
2021-09-20,175.95
2021-09-27,241.26
2021-10-04,222.21
2021-10-11,234.36
2021-10-18,219.22
2021-10-25,165.98
2021-11-01,191.43
2021-11-08,194.05
2021-11-15,219.51
2021-11-22,222.08
2021-11-29,228.90
2021-12-06,268.80
2021-12-13,344.90
2021-12-20,267.82
2021-12-27,170.64
2022-01-03,214.96
2022-01-10,208.13
2022-01-17,189.31
2022-01-24,219.42
2022-01-31,200.49
2022-02-07,185.86
2022-02-14,176.49
2022-02-21,225.55
2022-02-28,460.27
2022-03-07,311.06
2022-03-14,246.00
2022-03-21,236.61
2022-03-28,257.32
2022-04-04,228.54
2022-04-11,164.88
2022-04-18,171.39
2022-04-25,163.68
2022-05-02,137.50
2022-05-09,148.45
2022-05-16,147.96
2022-05-23,153.36
2022-05-30,159.84
2022-06-06,146.24
2022-06-13,201.80
2022-06-20,169.74
2022-06-27,240.94
2022-07-04,255.52
2022-07-11,200.29
2022-07-18,312.18
2022-07-25,351.92
2022-08-01,373.63
2022-08-08,395.80
2022-08-15,460.89
2022-08-22,640.36
2022-08-29,409.42
2022-09-05,378.29
2022-09-12,290.81
2022-09-19,286.58
2022-09-26,352.89
2022-10-03,285.04
2022-10-10,261.35
2022-10-17,204.12
2022-10-24,246.43
2022-10-31,283.03
2022-11-07,228.43
2022-11-14,271.51
2022-11-21,288.46
2022-11-28,336.31
2022-12-05,345.91
2022-12-12,288.42
2022-12-19,200.11
2022-12-26,186.05
2023-01-02,170.00
2023-01-09,162.54
2023-01-16,168.90
2023-01-23,140.89
2023-01-30,147.89
2023-02-06,134.51
2023-02-13,120.96
2023-02-20,127.69
2023-02-27,113.18
2023-03-06,133.56
2023-03-13,103.97
2023-03-20,100.71
2023-03-27,118.03
2023-04-03,102.31
2023-04-10,98.460
2023-04-17,96.090
2023-04-24,88.530
2023-05-01,83.350
2023-05-08,75.930
2023-05-15,68.360
2023-05-22,57.360
2023-05-29,54.950
2023-06-05,77.760
2023-06-12,87.200
2023-06-19,80.280
2023-06-26,91.220
2023-07-03,81.860
2023-07-10,63.390
2023-07-17,70.820
2023-07-24,63.660
2023-07-31,72.930
2023-08-07,89.420
2023-08-14,90.890
2023-08-21,86.650
2023-08-28,86.760
2023-09-04,84.860
2023-09-11,92.140
2023-09-18,102.16
2023-09-25,105.40
2023-10-02,94.490
2023-10-09,136.70
2023-10-16,126.19
2023-10-23,125.78
2023-10-30,122.55
2023-11-06,117.77
2023-11-13,113.74
2023-11-20,119.79
2023-11-27,109.65
2023-12-04,97.100
2023-12-11,82.550
2023-12-18,85.320
2023-12-25,80.710
2024-01-01,87.020
2024-01-08,79.920
2024-01-15,69.860
2024-01-22,69.350
2024-01-29,71.480
2024-02-05,66.420
2024-02-12,60.560
2024-02-19,56.460
2024-02-26,64.280
2024-03-04,65.790
2024-03-11,68.010
2024-03-18,71.740
2024-03-25,68.050
2024-04-01,66.080
2024-04-08,76.130
2024-04-15,77.130
2024-04-22,72.962
2024-04-29,73.297
2024-05-06,72.556
2024-05-13,74.269
2024-05-20,81.816
2024-05-27,82.951
2024-06-03,78.822
2024-06-10,83.484
2024-06-17,79.072
2024-06-24,81.335
2024-07-01,77.095
2024-07-08,72.732
2024-07-15,73.590
2024-07-22,75.899
2024-07-29,89.830
2024-08-05,97.923
2024-08-12,94.857
2024-08-19,87.997
2024-08-26,95.660
2024-09-02,88.126
2024-09-09,85.963
2024-09-16,83.095
2024-09-23,96.038
2024-09-30,175.30
2024-10-07,98.673
2024-10-14,97.851
2024-10-21,110.15
2024-10-28,98.589
2024-11-04,107.36
2024-11-11,116.50
2024-11-18,117.19
2024-11-25,118.69
2024-12-02,114.89
2024-12-09,102.63
2024-12-16,109.19
2024-12-23,119.54
2024-12-30,124.42
2025-01-06,113.90
2025-01-13,118.10
2025-01-20,124.48
2025-01-27,131.04
2025-02-03,136.47
2025-02-10,121.53
2025-02-17,111.10
2025-02-24,104.48
2025-03-03,99.353
2025-03-10,103.30
2025-03-17,102.80
2025-03-24,98.463
2025-03-31,88.944
2025-04-07,83.531
2025-04-14,86.746
2025-04-21,78.570
2025-04-28,78.722
2025-05-05,82.759
2025-05-12,83.500
2025-05-19,87.150
2025-05-26,78.679
2025-06-02,84.959
2025-06-09,88.677
2025-06-16,96.025
2025-06-23,77.961
2025-06-30,79.221
2025-07-07,85.270
2025-07-14,80.140
2025-07-21,81.660
2025-07-28,83.880
2025-08-04,79.530
2025-08-11,76.450
2025-08-18,83.680
2025-08-25,77.830
2025-09-01,77.890
2025-09-08,80.160
2025-09-15,80.050
2025-09-22,85.400
2025-09-29,80.580
2025-10-06,82.230
2025-10-13,80.690
2025-10-20,80.510
2025-10-27,80.870
2025-11-03,81.150
2025-11-10,82.390
2025-11-17,78.560
2025-11-24,75.290
2025-12-01,70.950
2025-12-08,73.240
2025-12-15,74.890
2025-12-22,73.822
2025-12-29,75.760
2026-01-05,73.150
2026-01-12,96.750
2026-01-19,93.090
2026-01-26,95.200
2026-02-02,85.160
2026-02-09,76.250
2026-02-16,76.960
2026-02-23,78.570
2026-03-02,137.42
2026-03-09,127.79
2026-03-16,172.75
2026-03-23,172.89
2026-03-30,172.89
2026-04-06,172.89
2026-04-13,172.89
2026-04-20,172.89
