Ref ID,Development Status (short),Installed Capacity (MWelec),Operational,Turbine Capacity (MW),No. of Turbines,Height of Turbines (m),lon,lat
2555,Operational,1.5,2000-07-22,1.47,1,,1.654,52.71
2556,Operational,1.5,1999-08-16,1.47,1,,0.683,52.657
2559,Operational,10.2,1998-04-18,0.54,19,,-3.971,52.466
2563,Operational,58.5,2005-01-25,1.5,39,,-3.751,52.405
2564,Operational,16.8,1996-10-01,0.6,28,,-3.608,52.549
2565,Operational,16.8,1996-10-01,0.6,28,,-3.579,52.542
2566,Operational,3.4,2002-02-01,0.56,6,,-3.672,52.658
2567,Operational,5.6,1996-05-01,0.4,14,,-4.346,53.375
2568,Operational,2.6,2002-12-15,0.85,3,,-3.588,52.996
2574,Operational,3.0,1999-04-24,0.5,6,,-3.039,53.465
2576,Operational,15.3,2002-02-23,0.85,18,,-3.674,52.64
2582,Operational,20.4,1997-10-01,2.25,9,,-4.466,53.354
2586,Operational,2.6,2001-12-30,0.9,3,,-1.823,54.764
2587,Operational,1.8,2000-05-22,0.6,3,,-1.989,55.087
2591,Operational,3.0,1997-04-01,0.75,4,,-1.427,54.827
2609,Revised,9.0,,1.0,9,,-2.168,53.702
2613,Operational,2.3,2000-02-01,0.4,6,,-3.072,54.871
2617,Operational,2.5,1997-01-01,0.5,5,,-3.147,54.205
2618,Operational,10.4,2007-08-07,1.3,8,,-3.275,54.723
2624,Operational,4.2,1996-08-01,0.6,7,,-3.543,54.674
2625,Operational,5.4,1996-09-01,0.6,9,,-3.556,54.66
2626,Operational,2.4,1998-07-01,0.6,4,,-3.325,54.204
2630,Operational,3.9,2002-07-30,1.3,3,,-4.441,51.997
2636,Operational,3.6,2001-02-01,0.7,5,,-4.53,51.757
2649,Revised,7.8,,,,,-4.603,50.636
2650,Revised,7.4,,,5,,-4.61,50.685
2653,Operational,2.6,2003-01-30,1.3,2,,-3.725,53.136
2659,Operational,9.0,2002-01-31,1.3,7,,0.099,53.669
2668,Revised,9.2,,3.07,3,,-3.18,52.21
2671,Revised,47.5,,2.0,19,,-4.417,55.332
2672,Operational,2.4,2013-02-18,0.8,3,,-2.288,55.867
2673,Operational,20.0,2011-09-01,2.5,8,,-3.979,57.992
2674,Operational,26.0,2011-04-14,2.0,13,,-3.66,51.736
2680,Operational,6.9,2013-02-15,2.3,3,,-1.692,53.537
2682,Revised,6.0,,2.0,3,,-2.184,52.072
2683,Operational,2.0,2011-08-12,2.0,1,,0.15,51.529
2686,Revised,19.5,,1.3,15,,-4.857,55.146
2687,Operational,1.5,2011-12-07,0.75,2,,-3.447,56.056
2690,Revised,14.0,,2.0,7,,-0.679,53.599
2691,Operational,2.3,2010-01-04,2.3,1,,-2.652,57.661
2693,Revised,8.0,,2.0,4,,-2.855,57.386
2694,Operational,1.5,2010-03-01,1.5,1,,1.004,51.863
2695,Operational,2.0,2016-04-15,2.0,1,,-1.084,53.677
2697,Operational,4.3,2010-09-20,0.9,5,,-3.073,59.096
2702,Revised,6.9,,2.3,3,,-2.245,57.354
2704,Operational,1.5,2011-10-31,1.5,1,,-3.444,56.054
2706,Revised,10.0,,2.0,5,121.0,-3.323,54.246
2708,Operational,2.3,2009-12-01,1.3,1,,-2.581,57.626
2710,Revised,20.7,,2.3,9,,-7.45,54.587
2711,Operational,13.2,2000-11-01,0.66,20,,-4.126,55.363
2713,Operational,4.8,1993-01-01,0.4,12,,-3.136,54.257
2715,Operational,4.6,2006-11-01,0.76,6,,0.238,53.321
2721,Revised,2.3,,2.3,1,,-6.29,55.045
2723,Operational,15.0,2011-04-01,2.5,6,,-4.884,57.155
2724,Operational,2.6,2010-07-10,0.85,3,,-2.814,57.315
2729,Revised,8.0,,2.0,4,,-1.671,52.685
2741,Operational,6.0,2012-12-18,2.0,3,,-1.911,57.572
2742,Operational,2.0,2010-07-01,2.0,1,,-3.123,58.827
2747,Operational,1.2,2004-05-01,0.3,4,,-1.914,53.962
2748,Revised,9.0,,3.0,3,,1.54,52.44
2749,Revised,9.0,,3.0,3,,1.511,52.449
2750,Revised,9.0,,3.0,3,,1.55,52.445
2757,Operational,109.0,2013-01-15,3.0,36,,-4.318,55.639
2758,Operational,1.7,2010-07-09,0.85,2,,-2.241,57.472
2762,Revised,10.0,,2.0,5,,-2.959,51.19
2767,Awaiting Construction,80.0,,3.8,21,149.9,-4.781,55.082
2776,Operational,9.0,1993-10-01,0.45,20,,-3.465,51.569
2780,Operational,4.6,2015-12-01,2.0,2,,-3.318,56.091
2782,Operational,2.3,2009-06-04,2.3,1,,-2.261,57.392
2784,Revised,16.1,,2.3,7,,-0.826,53.79
2788,Revised,6.9,,2.3,3,,-2.811,57.161
2791,Revised,7.5,,2.5,3,,-0.127,53.674
2796,Operational,7.5,2012-01-01,2.5,3,,-4.349,58.003
2802,Revised,3.2,,0.8,4,,-3.428,58.287
2804,Operational,2.3,2011-07-12,2.3,1,,-3.104,51.507
2821,Revised,2.0,,2.0,1,,-0.005,52.521
2822,Operational,2.3,2012-01-18,2.3,1,,-2.646,57.66
2827,Revised,10.0,,2.0,5,,-2.951,56.564
2830,Operational,2.3,2011-05-30,2.3,1,,-6.02,54.688
2839,Operational,5.2,2012-01-20,1.3,4,,-2.291,56.933
2859,Awaiting Construction,49.9,,,11,149.9,-6.415,57.395
2860,Under Construction,20.7,,2.3,9,93.0,-3.924,56.296
2866,Operational,4.7,2013-01-24,2.35,2,,-6.233,54.88
2867,Operational,7.7,2013-03-07,2.5,3,,-2.272,56.894
2873,Operational,13.8,2019-01-01,2.3,6,100.0,-3.594,52.42
2875,Operational,2.0,2012-09-01,2.0,1,,0.121,52.571
2877,Revised,6.9,,2.3,3,,-2.811,57.161
2888,Operational,10.0,2017-09-01,3.0,4,,-6.869,54.899
2902,Operational,26.0,2010-10-26,2.0,13,,-3.773,56.209
2903,Revised,80.0,,2.0,40,,-4.443,55.756
2908,Application Submitted,100.0,,5.88,17,180.0,-3.578,55.338
2915,Revised,5.0,,1.0,5,,-2.517,55.645
2921,Operational,1.3,1992-06-01,0.3,4,,-1.914,53.962
2922,Operational,4.6,2009-06-01,1.3,2,,-2.581,57.626
2923,Operational,5.0,2010-10-04,1.67,3,,-2.043,57.622
2927,Operational,5.1,2008-08-01,0.85,6,,-7.334,54.807
2928,Operational,16.0,2009-07-01,2.0,8,,-0.667,53.628
2931,Revised,6.0,,,3,,-3.177,56.955
2932,Operational,3.0,2008-10-01,3.0,1,,-1.007,53.682
2935,Operational,4.0,2006-10-01,2.0,2,,-3.54,54.671
2938,Operational,15.0,2010-11-04,3.0,5,,-1.152,53.118
2940,Operational,20.0,2010-03-31,2.5,8,,-4.05,56.054
2942,Operational,1.3,2007-11-01,1.3,1,,-0.236,53.744
2943,Operational,1.3,2008-02-01,1.0,2,,-0.938,53.757
2944,Operational,4.0,2005-11-01,0.66,6,,-1.481,54.914
2945,Revised,20.7,,2.0,9,,-0.603,52.234
2947,Revised,57.0,,3.0,19,,-3.952,51.757
2949,Revised,6.0,,,2,,-1.625,55.102
2950,Operational,8.4,2009-11-01,1.3,6,,-4.534,51.759
2952,Operational,6.0,2007-05-01,2.0,3,,0.031,52.513
2953,Operational,4.0,2007-05-01,2.0,2,,0.037,52.511
2955,Operational,24.0,2009-05-01,2.0,12,,-1.815,54.764
2956,Operational,5.5,1994-12-01,0.5,11,,-4.591,51.911
2960,Revised,20.0,,2.0,10,,-6.209,54.932
2965,Operational,1.6,2008-06-23,0.8,2,,-2.009,57.588
2968,Operational,14.0,2010-09-25,2.0,7,,-0.687,52.133
2983,Operational,8.0,2009-02-16,2.0,4,,-1.761,54.75
2986,Operational,6.0,2009-05-01,0.85,7,,-3.497,54.642
2988,Operational,4.1,2011-06-01,2.05,2,,1.703,52.415
2990,Revised,11.7,,1.3,9,,-6.215,54.942
2991,Operational,4.6,2009-07-01,2.3,2,,-4.248,57.788
2997,Revised,18.0,,3.0,6,,-4.775,55.731
2999,Operational,2.4,2009-07-15,0.8,3,,-2.325,57.427
3002,Operational,9.2,2011-09-14,2.5,4,,-3.348,54.853
3015,Operational,9.9,1994-06-01,0.45,22,,-3.566,52.367
3019,Operational,9.2,2011-02-01,2.3,4,,-4.705,50.638
3021,Operational,9.0,2008-09-03,3.0,3,,-0.172,52.558
3028,Operational,2.6,2009-01-20,1.3,2,,-1.378,53.388
3034,Operational,5.0,2009-12-17,2.5,2,,-2.963,51.567
3035,Revised,10.0,,10.0,4,,1.678,52.687
3044,Revised,30.0,,2.5,12,,-3.76,53.201
3048,Revised,9.5,,3.16,3,,-3.514,54.687
3050,Operational,4.0,2011-03-10,2.0,2,,-1.431,54.788
3055,Revised,8.0,,2.0,4,,-2.31,51.066
3057,Operational,31.0,1993-01-01,0.3,103,,-3.431,52.442
3061,Operational,12.0,2010-11-01,2.0,6,,-5.2,50.05
3068,Operational,4.0,2011-01-20,2.0,2,,-1.622,55.103
3069,Revised,12.5,,2.5,5,,-2.174,53.971
3075,Operational,3.2,2009-12-20,0.9,4,,-2.19,57.421
3077,Operational,10.0,2008-10-30,2.0,5,,-5.187,50.18
3078,Operational,2.0,2010-11-01,2.0,1,,-2.786,53.888
3079,Operational,9.6,1993-02-01,0.4,24,,-2.15,53.75
3087,Revised,3.9,,1.3,3,,-3.19,54.789
3090,Operational,1.8,2001-11-01,0.9,2,,-4.279,55.692
3092,Operational,2.6,2006-12-01,1.3,2,,-1.338,54.84
3093,Operational,4.7,2001-02-15,2.3,2,,-4.284,55.691
3095,Revised,27.0,,1.5,18,,-3.892,55.533
3096,Operational,59.8,2009-06-01,2.3,26,,0.823,50.964
3097,Operational,5.0,1995-10-01,0.5,10,,-7.44,54.704
3099,Revised,62.0,,,31,,-2.923,57.627
3101,Operational,2.0,2005-01-01,2.0,1,,0.089,52.573
3102,Revised,18.0,,,,,-1.883,52.84
3103,Operational,5.0,1994-12-01,0.5,10,,-6.287,55.044
3104,Revised,129.0,,,40,,-2.858,57.371
3105,Operational,2.3,2004-12-01,2.3,1,,1.761,52.48
3106,Operational,5.0,1995-04-01,0.5,10,,-6.119,54.739
3107,Revised,9.0,,3.0,3,,-1.382,50.652
3108,Operational,48.3,2004-06-01,2.0,24,,-3.085,58.443
3109,Operational,120.0,2006-05-08,2.3,52,,-4.732,55.257
3110,Operational,2.7,2004-07-02,1.35,2,,-1.415,54.762
3112,Operational,5.0,1994-11-01,0.5,10,,-6.82,55.022
3113,Operational,9.0,2007-02-01,1.5,6,,-7.605,54.641
3114,Operational,62.5,2004-06-30,2.5,25,,-2.508,55.883
3116,Operational,124.0,2004-05-31,2.3,54,,-3.763,55.762
3117,Operational,24.0,2003-12-19,2.0,12,,-4.806,55.644
3118,Operational,5.0,1997-01-01,0.5,10,,-7.339,54.81
3119,Operational,72.0,2006-09-01,2.0,36,,-4.059,56.27
3120,Operational,1.5,2000-04-01,1.5,1,,-3.144,59.113
3122,Operational,5.0,1995-12-01,0.5,10,,-7.628,54.19
3126,Operational,13.0,2005-08-01,0.85,15,,-3.443,58.3
3128,Operational,26.7,2008-07-28,2.0,13,,-0.218,52.938
3129,Operational,18.0,2007-10-01,2.0,9,,0.123,52.57
3130,Operational,19.5,2005-02-01,1.5,13,,-7.696,54.547
3132,Operational,16.0,2005-12-01,2.0,8,,-0.109,52.519
3133,Operational,12.0,2008-07-15,2.0,6,,0.107,52.836
3135,Operational,23.0,2007-09-01,2.3,10,,-6.458,57.43
3138,Revised,30.0,,,20,,0.266,53.183
3140,Revised,1.3,,,1,,-1.536,51.507
3147,Operational,16.0,2008-04-22,2.0,8,,-1.65,53.999
3149,Operational,28.0,2012-05-02,2.0,14,,-4.806,55.756
3155,Operational,1.8,2008-09-30,1.8,1,,-0.106,52.447
3157,Operational,9.6,2004-11-01,0.6,8,,0.238,53.321
3158,Operational,5.9,2004-06-17,2.96,2,,0.151,51.519
3159,Operational,1.8,2003-07-15,1.79,1,,0.701,52.658
3160,Revised,4.0,,2.0,2,,0.892,52.629
3161,Operational,2.0,2008-06-16,2.0,1,,-2.583,51.254
3164,Revised,1.2,,0.6,2,,-1.375,50.656
3168,Operational,9.0,2008-04-24,1.3,6,,-7.427,54.705
3171,Operational,16.0,2006-06-01,2.0,8,,-2.654,54.07
3172,Operational,11.7,2008-10-01,1.3,8,,-3.725,53.136
3177,Operational,65.0,2008-06-01,2.5,26,,-2.268,53.669
3179,Operational,1.2,2003-11-05,1.2,1,,-2.318,52.129
3186,Operational,2.6,2008-01-01,1.3,2,,0.241,53.143
3188,Revised,16.0,,2.0,8,,-0.683,53.467
3190,Operational,17.5,2010-09-07,2.5,7,,-2.211,56.964
3191,Operational,15.0,2009-01-01,3.0,5,,-6.565,55.002
3194,Operational,6.0,2007-08-20,2.0,3,,-2.706,51.514
3200,Operational,12.3,2007-01-01,1.75,7,,-2.692,57.451
3201,Operational,37.5,2007-02-01,2.5,14,,-4.096,56.071
3202,Operational,47.5,2008-06-14,2.5,19,,-4.059,58.04
3204,Revised,49.9,,4.15,12,149.9,-3.871,58.537
3205,Operational,38.0,2010-10-11,2.0,19,,-4.5,58.002
3207,Operational,3.9,2008-02-01,1.3,3,,-3.25,58.449
3210,Operational,2.0,2005-10-01,2.0,1,,-0.986,51.419
3211,Revised,12.5,,2.5,5,,-3.847,51.778
3214,Operational,6.0,2010-11-02,2.0,3,,-3.018,55.765
3218,Operational,20.5,2011-04-01,2.05,10,,-1.397,54.664
3220,Operational,26.0,2008-10-01,1.3,20,,-3.92,55.567
3223,Operational,5.2,2008-07-10,1.3,4,,-1.435,54.722
3229,Operational,9.4,2004-02-01,0.85,11,,-4.029,52.307
3232,Operational,14.0,2010-01-20,2.0,7,,-3.611,55.816
3233,Operational,1.7,2007-12-01,0.85,2,,-5.132,50.177
3236,Operational,4.0,2007-11-01,2.0,2,,-3.903,55.912
3241,Operational,25.0,2009-01-27,2.5,10,,-6.286,55.019
3242,Operational,8.8,2007-11-01,1.75,5,,-6.081,54.804
3243,Operational,15.0,2011-08-01,2.5,6,,-7.317,54.929
3244,Operational,11.7,2007-09-01,1.3,9,,-7.0,54.97
3245,Operational,30.0,2009-03-10,2.5,12,,-7.106,54.509
3246,Revised,20.0,,,10,,-4.273,52.147
3247,Operational,4.5,2011-01-01,1.3,3,,-1.236,53.314
3248,Operational,8.0,2008-08-13,2.0,4,,-1.676,54.824
3251,Operational,20.0,2007-07-01,2.5,8,,-7.089,54.686
3253,Operational,20.0,2010-09-22,2.5,8,,-7.342,54.439
3255,Revised,2.4,,0.8,3,,-1.53,55.203
3258,Operational,120.0,2011-06-14,2.0,60,,-4.797,55.069
3260,Operational,56.0,2011-06-01,2.3,24,,-4.746,55.128
3263,Operational,19.5,2011-03-21,2.5,8,,-7.333,54.462
3264,Operational,6.5,2008-01-01,1.3,5,,-1.666,51.616
3270,Revised,54.0,,,,,0.266,53.183
3272,Operational,1.0,2006-08-01,1.0,1,,-5.061,51.726
3277,Operational,15.6,2009-03-01,1.3,12,,-3.579,52.542
3280,Revised,27.0,,,9,,-2.033,55.636
3285,Operational,6.2,2009-05-20,2.05,3,,-3.202,58.439
3289,Revised,30.2,,3.0,10,,-4.238,51.978
3290,Operational,5.2,2008-06-25,1.3,4,,-1.758,54.764
3292,Operational,29.7,2001-12-23,0.66,45,,-5.587,55.573
3293,Revised,12.0,,,16,,-3.749,58.103
3294,Operational,15.0,2001-10-01,0.57,26,,-5.568,55.58
3295,Operational,7.8,1999-06-25,0.55,14,,-5.298,56.382
3296,Operational,9.0,1997-09-01,0.5,18,,-4.427,57.705
3297,Operational,17.0,1997-09-01,,34,,-4.427,57.71
3298,Operational,19.3,2010-08-04,0.9,23,,-5.219,56.219
3299,Operational,31.2,2002-09-15,1.3,24,80.0,-3.068,55.705
3301,Operational,7.8,1995-11-01,0.6,13,,-3.92,55.555
3306,Operational,3.9,2006-12-01,1.3,3,,-6.438,58.177
3307,Operational,5.0,2006-12-01,2.5,2,,-3.149,59.118
3308,Operational,2.3,2000-04-01,1.15,2,,-3.14,59.109
3309,Operational,4.9,2003-02-08,1.3,4,,-3.688,58.602
3310,Operational,3.7,2000-12-16,0.75,5,,-1.236,60.165
3311,Operational,26.0,2005-07-22,1.3,20,,-2.636,57.425
3313,Operational,3.2,2009-06-01,0.8,4,,-5.013,51.72
3317,Under Construction,57.0,,4.0,14,136.0,-3.488,55.478
3318,Revised,12.5,,2.5,5,,-2.296,50.762
3320,Revised,7.2,,0.9,8,,-2.759,57.383
3321,Operational,1.0,2014-10-20,0.5,2,,-2.869,58.913
3325,Awaiting Construction,9.0,,3.0,3,,-6.3,54.633
3328,Under Construction,126.0,,6.0,21,200.0,-3.887,55.599
3334,Revised,1.5,,0.25,6,,-0.597,53.835
3335,Revised,10.0,,2.0,5,,-0.61,53.845
3349,Revised,2.4,,0.8,3,,-2.419,53.678
3354,Operational,3.6,2015-03-15,1.8,2,,1.092,52.695
3359,Operational,1.6,2017-06-15,0.8,2,,-3.007,54.869
3361,Operational,1.0,2014-10-22,0.5,2,,-2.738,53.511
3368,Operational,1.5,2016-12-15,0.5,3,,-4.335,50.744
3370,Operational,1.5,2014-12-15,0.5,3,,-2.747,56.259
3371,Under Construction,49.9,,3.0,12,130.0,-4.242,57.257
3378,Operational,1.6,2014-09-03,0.8,2,,-4.684,51.772
3380,Operational,5.0,2013-06-04,2.5,2,,-4.195,58.536
3382,Operational,2.3,2016-09-15,2.5,1,,-1.628,53.091
3387,Under Construction,49.9,,2.0,19,,-5.611,55.546
3390,Operational,6.5,2001-09-22,1.3,5,,-2.635,54.336
3391,Operational,4.6,1999-07-13,0.66,7,,-3.181,54.184
3392,Operational,9.8,2001-08-31,0.6,16,,-4.956,50.47
3396,Operational,9.2,2018-01-23,2.3,4,,-3.279,56.637
3398,Operational,4.6,2014-07-01,2.3,2,,-2.401,56.923
3400,Revised,2.4,,0.8,3,,-4.488,50.912
3403,Operational,2.3,2011-06-01,2.3,1,,-2.341,57.411
3404,Operational,4.6,2011-05-25,2.3,2,,-2.308,57.429
3405,Operational,2.3,2010-11-01,2.3,1,,-2.424,57.594
3408,Operational,2.3,2009-11-01,2.5,1,,-3.149,59.118
3410,Revised,6.9,,2.3,3,,-2.816,57.159
3415,Operational,12.0,2015-01-22,3.0,4,,-3.862,56.032
3417,Awaiting Construction,81.0,,6.2,13,200.0,-4.166,55.217
3424,Revised,1.4,,0.68,2,,-2.206,57.651
3425,Revised,1.0,,1.0,1,,-3.346,58.31
3427,Revised,4.0,,0.8,5,,-2.951,56.569
3429,Operational,1.0,2018-05-15,0.5,2,,-2.251,55.904
3430,Revised,57.8,,3.4,17,,-3.653,55.793
3432,Operational,5.9,1993-12-01,0.45,13,,-1.67,53.532
3433,Operational,2.3,2015-10-15,2.3,1,,-3.137,58.572
3435,Operational,47.0,2021-01-01,4.3,11,150.0,-3.959,58.088
3437,Operational,1.0,2016-09-23,0.5,2,77.0,0.278,51.522
3440,Operational,138.0,2010-10-25,2.3,60,,-2.529,55.899
3445,Revised,2.4,,0.8,3,,-3.885,55.551
3448,Operational,15.0,2008-12-01,1.67,9,,-4.943,56.288
3449,Operational,16.0,2008-04-17,0.8,20,,0.069,53.423
3450,Operational,2.6,2011-05-06,0.85,3,,-4.119,50.972
3453,Operational,6.0,2009-07-01,2.0,3,,-3.982,55.696
3454,Revised,25.0,,2.5,10,,-1.511,54.619
3457,Operational,27.6,2010-10-12,2.3,12,,-2.877,55.769
3458,Operational,2.4,2011-04-01,0.8,3,,-4.488,50.912
3466,Operational,2.4,2001-12-30,0.8,3,,-1.758,54.764
3467,Operational,12.8,2002-12-26,0.85,15,,-5.667,55.495
3474,Revised,49.9,,2.0,25,,-4.395,55.643
3475,Revised,49.9,,2.5,20,,-2.684,54.073
3479,Operational,14.0,2005-08-01,1.75,8,,0.115,52.603
3480,Operational,14.0,2012-05-02,2.0,7,,0.141,52.593
3482,Revised,14.0,,2.0,7,,-2.107,53.67
3483,Revised,15.0,,3.0,5,,-2.159,53.701
3485,Revised,17.5,,2.5,7,,-5.04,50.321
3487,Operational,27.0,2008-09-29,1.5,18,,-3.666,56.249
3488,Revised,31.5,,1.75,18,,-3.666,56.249
3489,Operational,322.0,2007-12-14,2.3,140,,-4.279,55.681
3491,Operational,4.0,1999-12-21,0.66,6,,-3.077,54.871
3492,Operational,8.8,2004-12-01,0.8,11,,-3.504,54.629
3493,Revised,5.9,,,10,,-3.525,54.579
3494,Operational,2.8,2004-06-01,1.37,2,,-1.678,54.847
3495,Operational,5.5,2003-12-01,1.83,3,,-1.3,54.694
3496,Operational,1.3,2004-07-01,1.3,1,,-1.415,54.762
3497,Revised,47.5,,2.5,19,,-4.8,57.626
3502,Under Construction,70.0,,4.6,15,14.99,-4.235,55.356
3503,Operational,67.1,2025-11-01,4.5,15,149.9,-4.312,55.267
3504,Operational,8.2,2010-03-01,2.0,4,,-1.427,54.827
3507,Operational,10.0,2010-12-12,2.0,5,,-1.41,54.766
3510,Operational,2.0,2009-01-21,2.0,1,,-1.076,53.3
3511,Operational,6.6,2002-06-01,0.3,22,,-4.547,50.646
3515,Revised,14.0,,,7,,-0.028,53.778
3516,Awaiting Construction,59.5,,3.5,17,145.0,-1.083,60.519
3524,Operational,2.4,2010-10-01,0.8,3,,-2.06,57.406
3527,Revised,14.0,,,7,,-1.015,53.151
3529,Operational,2.7,2002-04-10,0.9,3,,-2.66,59.097
3532,Operational,2.5,2005-01-01,2.5,1,,-2.393,57.376
3533,Operational,10.0,2009-02-01,2.5,4,,-3.005,53.45
3534,Operational,50.6,2004-11-01,2.3,22,,-3.363,57.537
3536,Operational,20.7,2010-10-25,2.3,9,,-2.545,55.913
3538,Operational,22.0,2012-02-01,2.0,11,,-3.42,55.539
3539,Operational,30.0,2009-02-20,2.5,12,,-0.289,54.007
3541,Revised,45.0,,2.3,18,,-0.441,53.678
3543,Revised,7.8,,1.3,6,,-3.348,54.853
3548,Operational,12.0,2011-12-01,2.0,6,,-2.243,57.428
3552,Operational,2.4,1997-02-06,0.3,8,,-3.877,52.408
3554,Operational,15.8,2001-11-30,1.75,9,,-5.544,55.629
3556,Operational,16.4,2005-04-01,0.42,39,,-3.707,52.415
3566,Operational,7.3,2002-12-20,0.66,11,,-7.149,54.394
3568,Operational,5.9,2000-02-01,0.66,9,,-7.183,54.393
3570,Operational,17.2,2000-08-21,0.66,26,,-2.846,55.806
3573,Revised,14.0,,1.0,14,,-2.278,57.019
3574,Operational,28.6,2007-02-14,1.3,22,,-2.432,55.799
3575,Operational,26.0,2003-05-01,1.3,20,,-7.034,54.963
3578,Operational,4.5,1998-03-01,0.3,15,,-5.137,50.289
3579,Operational,29.8,2009-09-20,0.85,35,,-2.842,55.787
3581,Operational,9.6,2011-05-25,0.8,12,,-3.433,56.305
3583,Revised,111.0,,3.0,37,,-3.515,55.761
3585,Operational,33.3,2004-01-31,0.95,35,,-5.156,56.039
3586,Application Submitted,126.0,,6.0,21,230.0,-4.108,55.313
3592,Operational,9.2,2010-03-01,2.3,4,,-3.406,53.025
3593,Operational,7.8,1995-11-01,0.6,13,,-3.92,55.555
3594,Operational,4.6,2011-12-13,2.3,2,,-2.724,57.611
3598,Operational,10.0,2008-12-01,2.5,4,125.0,-4.891,57.15
3600,Awaiting Construction,16.1,,2.3,7,,-5.833,54.847
3602,Operational,24.0,2010-10-04,2.0,12,,-0.948,53.73
3605,Operational,38.0,2009-09-01,2.0,19,,-2.827,55.669
3606,Operational,14.0,2008-05-15,2.0,7,,-1.397,54.664
3607,Operational,16.0,2005-11-01,2.0,8,,0.095,52.597
3608,Operational,24.0,2006-12-01,2.0,12,,-0.029,52.431
3609,Operational,16.4,2006-08-01,2.0,8,,-0.226,52.733
3610,Revised,20.7,,2.3,9,,-3.168,55.791
3611,Operational,4.7,2000-04-01,0.67,7,,-3.571,54.597
3613,Operational,6.5,2011-03-02,1.3,5,,-3.52,54.579
3614,Operational,1.2,2004-05-01,0.22,5,,-3.325,54.204
3619,Operational,23.8,2017-02-16,3.4,7,136.0,-4.965,57.096
3622,Revised,25.0,,2.5,10,,-2.919,57.467
3627,Operational,36.8,2017-01-15,2.3,16,,-3.334,55.107
3633,Under Construction,1.6,,0.8,2,,-3.884,55.558
3640,Revised,1.7,,0.85,2,,-4.12,55.53
3645,Operational,5.0,2017-03-01,2.5,2,119.0,-0.539,53.714
3646,Revised,6.0,,3.0,2,,-4.776,55.734
3647,Operational,66.0,2016-05-12,3.3,20,,-4.049,57.389
3648,Revised,89.1,,3.3,27,,-3.71,52.444
3651,Operational,2.4,2015-12-15,0.8,3,,-3.828,56.055
3657,Operational,28.7,2016-08-03,2.05,14,,-0.905,53.608
3659,Operational,2.7,1992-12-01,0.3,9,,-1.495,55.125
3660,Operational,6.4,2011-06-08,0.8,8,,-3.451,51.651
3662,Operational,70.0,2012-06-12,2.0,35,,-3.959,58.059
3663,Revised,69.0,,2.3,30,,-3.579,52.668
3664,Operational,8.2,2014-02-06,2.05,4,,-2.673,51.512
3666,Operational,12.5,2013-03-31,2.5,5,,-2.483,57.462
3667,Operational,2.2,2013-02-18,2.2,1,,-3.961,55.725
3668,Operational,4.6,2011-01-01,2.3,2,,-6.458,57.43
3670,Operational,6.9,2013-02-18,2.3,3,,-7.348,57.234
3671,Operational,14.0,2013-03-01,2.0,7,,0.166,52.751
3672,Operational,5.0,2013-02-25,2.5,2,,1.127,52.337
3673,Operational,4.0,2017-01-15,2.0,2,,-2.117,52.702
3674,Operational,6.0,2013-03-31,2.0,3,,-1.928,54.848
3676,Operational,15.0,2013-09-30,2.5,6,,-3.922,55.599
3677,Operational,19.8,2013-03-31,3.3,6,,-1.297,53.383
3678,Operational,1.0,2015-06-12,1.0,1,,-6.648,54.769
3680,Operational,4.6,2013-02-25,2.3,2,,-6.199,54.873
3681,Operational,2.4,2011-10-04,0.8,3,,-2.027,57.494
3682,Operational,8.0,2011-09-29,2.0,4,,-1.179,52.502
3683,Revised,6.0,,2.0,3,,-2.61,57.344
3684,Operational,10.0,2013-03-31,2.5,4,,-3.295,56.145
3685,Operational,22.0,2012-11-21,2.0,11,,-1.166,52.412
3686,Operational,6.0,2013-06-19,2.0,3,,-0.034,52.537
3688,Operational,28.0,2013-09-01,2.0,14,,-4.212,55.637
3690,Operational,18.0,2012-05-01,3.0,6,,-4.775,55.731
3691,Operational,4.6,2014-11-01,2.3,2,,-2.856,57.603
3693,Operational,1.8,2013-02-18,0.9,2,,-2.982,59.277
3694,Operational,50.4,2016-11-15,2.65,19,,-2.769,53.301
3695,Operational,57.4,2018-01-18,2.05,28,,-4.123,51.961
3698,Operational,4.6,2012-03-01,2.3,2,,-2.201,57.595
3699,Operational,2.5,2014-02-26,2.5,1,,-1.118,52.698
3700,Operational,12.5,2016-05-11,2.5,5,,-0.8,53.795
3701,Operational,6.9,2013-01-16,2.3,3,,-3.177,56.955
3702,Operational,12.0,2013-09-04,2.0,6,,-4.343,55.775
3703,Operational,4.0,2013-06-17,2.0,2,,-2.866,53.9
3705,Operational,22.5,2015-05-08,2.5,9,,-3.51,51.715
3707,Operational,24.6,2017-02-15,2.05,12,,-3.479,52.611
3711,Operational,34.0,2017-02-22,2.0,17,137.0,-3.284,52.413
3713,Operational,2.0,2017-03-20,2.0,1,,-6.955,54.614
3716,Operational,1.7,2012-10-11,0.85,2,,-6.307,54.766
3717,Operational,2.5,2012-06-01,2.5,1,,-7.009,54.552
3718,Operational,2.4,2013-11-01,0.8,3,,-2.448,57.283
3721,Revised,7.5,,2.5,3,,1.213,52.408
3722,Operational,4.5,2012-12-31,1.5,3,,-2.29,57.607
3723,Operational,1.0,2014-12-01,0.5,2,,-1.942,57.431
3725,Revised,12.5,,2.5,5,,0.271,50.828
3726,Operational,4.0,2013-12-24,2.0,2,,-3.171,51.687
3728,Revised,10.0,,2.5,4,,-1.716,53.562
3729,Revised,49.5,,2.94,17,,-3.669,53.114
3730,Revised,9.0,,3.0,3,,1.511,52.449
3732,Operational,1.5,2014-04-24,1.5,1,,-1.279,52.174
3733,Operational,4.6,2013-02-08,2.3,2,,0.851,51.395
3734,Operational,2.0,2017-01-15,2.0,1,,-2.481,51.723
3735,Operational,10.0,2012-06-12,2.0,5,,-0.61,53.845
3736,Revised,10.0,,2.0,5,,-4.974,50.46
3737,Revised,12.0,,2.0,6,,-2.915,55.01
3738,Operational,8.2,2016-09-20,2.05,4,125.0,0.748,51.443
3739,Operational,10.3,2013-03-31,2.0,5,,-1.015,53.151
3741,Operational,2.0,2010-12-31,2.0,1,,0.123,52.57
3742,Revised,69.0,,3.0,23,,-4.846,57.366
3745,Operational,4.5,2017-04-03,0.9,5,,-1.005,60.666
3746,Operational,10.0,2013-04-19,2.0,5,,-4.751,57.279
3747,Operational,2.5,2013-05-17,2.5,1,,-3.933,55.854
3748,Operational,24.0,2012-10-19,2.0,12,,-2.389,53.714
3749,Operational,7.5,2013-08-30,2.5,3,,-0.027,53.752
3752,Operational,26.0,2012-04-12,2.0,13,,-1.54,55.202
3754,Operational,15.0,2013-03-31,2.5,6,,-1.796,55.275
3757,Operational,10.0,2013-03-31,2.0,5,,-3.226,58.439
3758,Operational,10.8,2012-09-25,0.9,12,,-5.477,55.933
3761,Operational,7.5,2013-04-25,2.5,3,,-2.306,53.771
3764,Operational,7.2,2016-03-15,0.8,9,77.0,-1.034,52.806
3765,Operational,12.0,2013-03-31,2.0,6,,-0.109,52.519
3767,Awaiting Construction,1.8,,0.9,2,,-0.721,53.85
3770,Revised,23.0,,5.75,4,,-0.387,52.318
3772,Operational,20.5,2016-12-01,2.1,10,,-5.485,55.681
3775,Revised,27.6,,2.3,12,,-0.803,53.311
3776,Operational,1.7,2017-11-11,0.85,2,,-2.875,57.323
3777,Revised,18.0,,2.0,9,,-3.025,55.012
3784,Operational,6.9,2013-03-30,2.3,3,,-2.542,57.5
3786,Revised,15.0,,3.0,5,,-4.442,50.944
3787,Operational,85.0,2017-02-16,3.4,25,,-4.965,57.096
3789,Awaiting Construction,2.7,,0.9,3,,-3.136,58.952
3791,Operational,4.0,2012-11-01,2.0,2,,-1.262,54.496
3792,Operational,1.5,2015-02-01,1.5,1,110.0,-2.872,54.038
3793,Operational,2.5,2014-04-08,2.5,1,,-1.298,52.999
3795,Operational,10.0,2014-02-15,2.5,4,,-0.537,52.308
3799,Operational,9.0,2013-12-30,3.0,3,,-3.746,55.872
3800,Revised,39.0,,3.0,13,,-2.648,54.088
3802,Operational,9.2,2013-11-01,2.3,4,,-1.899,57.582
3803,Operational,2.0,2013-02-18,2.0,1,,-2.78,54.007
3804,Operational,1.6,2013-07-05,0.8,2,,-2.843,57.599
3805,Revised,4.6,,2.3,2,,-2.252,57.578
3806,Operational,2.4,2014-12-01,0.8,3,80.0,-2.647,57.581
3807,Operational,1.7,2015-01-15,0.85,2,,-0.235,53.752
3809,Operational,4.6,2016-02-01,2.3,2,,-2.419,57.62
3810,Operational,9.0,2013-12-30,3.0,3,,-4.09,55.742
3814,Operational,10.0,2014-12-15,2.0,5,,-1.167,52.394
3818,Operational,7.5,2014-04-01,2.5,3,,-2.41,56.844
3819,Operational,1.5,2015-12-01,0.5,3,,-2.418,57.661
3827,Operational,4.6,2014-04-30,2.3,2,,0.009,53.509
3828,Operational,4.0,2014-04-01,2.0,2,,0.734,52.626
3832,Operational,2.3,2015-06-15,2.3,1,,-3.523,54.674
3833,Revised,57.0,,3.0,19,,-3.221,57.577
3835,Operational,17.1,2013-04-02,1.9,9,,-0.07,53.752
3836,Operational,4.6,2014-10-15,2.3,2,,-2.417,57.587
3837,Operational,10.0,2012-12-01,2.0,5,,-2.693,59.189
3840,Operational,3.2,2015-03-01,0.8,4,,-2.335,57.418
3841,Operational,7.5,2013-06-30,2.5,3,,-4.634,55.598
3842,Operational,1.5,2013-10-30,1.5,1,,0.386,52.771
3845,Revised,1.5,,1.5,1,,-3.159,56.167
3846,Operational,29.9,2020-03-01,2.3,13,,-4.373,57.77
3847,Revised,2.7,,0.9,3,,-2.75,56.259
3850,Operational,17.9,2017-04-24,2.35,6,,-6.258,55.085
3851,Revised,2.3,,2.3,1,,-6.891,54.686
3852,Operational,2.5,2017-07-13,2.5,1,,-6.28,55.044
3855,Operational,4.3,2014-11-12,2.3,2,110.0,-4.252,55.71
3856,Operational,4.6,2013-04-30,2.3,2,,-4.4,53.394
3857,Operational,9.2,2013-05-13,2.3,4,,-4.467,55.754
3859,Operational,4.0,2013-03-01,2.0,2,,-1.749,54.85
3862,Operational,2.5,2014-02-16,2.5,1,,0.142,51.502
3873,Operational,6.8,2014-04-30,3.4,2,,-3.606,55.758
3877,Operational,4.6,2015-04-14,2.3,2,,-7.313,54.968
3886,Operational,22.5,2017-02-08,2.0,11,,-5.471,55.777
3887,Operational,2.5,2017-03-15,2.5,1,,-2.959,51.551
3888,Revised,4.8,,0.8,6,,-2.95,56.582
3890,Operational,1.5,2014-05-01,1.5,1,,-0.535,52.065
3891,Revised,42.0,,3.0,14,126.0,-6.251,58.338
3892,Revised,1.8,,0.9,2,,-2.913,59.0
3893,Operational,3.0,2018-03-01,3.0,1,,-0.33,53.759
3894,Revised,14.0,,2.0,7,,-0.854,53.345
3896,Operational,4.7,2017-12-01,2.35,2,,-3.847,51.778
3897,Operational,1.5,2015-12-15,2.5,1,,-1.044,52.976
3901,Revised,21.6,,3.6,6,150.0,-6.593,58.006
3902,Operational,1.8,2013-07-01,0.9,2,,-2.716,58.922
3904,Operational,5.0,2016-09-29,2.0,2,,-3.669,51.502
3905,Operational,18.45,2016-07-04,2.05,9,,-1.625,55.265
3911,Operational,9.6,2016-12-01,3.2,3,,-2.61,57.344
3912,Revised,2.7,,0.9,3,,-1.234,60.05
3915,Operational,2.4,2016-09-15,1.3,3,,-3.922,55.649
3917,Operational,4.0,2015-06-18,2.0,2,,-4.885,50.307
3918,Operational,1.0,2016-04-01,0.5,2,,-4.961,50.35
3924,Operational,1.0,2015-06-15,0.5,2,,1.664,52.707
3925,Operational,7.2,2014-11-12,2.5,3,110.0,-4.254,55.72
3926,Revised,44.0,,3.4,13,150.0,-4.689,57.101
3927,Operational,5.0,2013-09-30,2.5,2,,-2.674,51.538
3928,Operational,44.0,2012-02-27,2.0,22,,-0.936,53.622
3931,Operational,9.4,2012-03-26,0.85,11,,-3.46,51.556
3932,Operational,17.5,2013-05-24,2.5,7,,-3.496,51.606
3933,Operational,15.0,2016-12-22,2.5,6,,-7.02,54.544
3934,Operational,13.8,2013-05-08,2.3,6,,-5.912,54.731
3935,Operational,26.0,2012-09-01,2.0,13,,0.316,52.166
3936,Operational,20.0,2013-09-30,2.0,10,,0.821,51.71
3937,Operational,6.0,2011-12-16,2.0,3,,-1.731,53.532
3938,Operational,12.0,2012-08-01,2.0,6,,-1.914,54.886
3941,Operational,3.2,2011-08-17,0.8,4,,-4.61,50.685
3942,Operational,33.0,2013-07-15,3.3,10,,-0.811,53.738
3943,Operational,10.3,2013-01-13,2.05,5,,1.111,51.809
3944,Operational,2.3,2012-08-01,0.75,3,,-2.78,53.633
3945,Revised,15.0,,3.0,5,,-2.112,53.668
3946,Operational,12.5,2014-02-15,2.5,5,,-0.537,52.301
3947,Operational,2.3,2013-03-31,2.3,1,,-1.557,55.215
3948,Operational,24.6,2013-05-28,2.05,12,,-0.361,53.874
3951,Operational,41.4,2013-04-15,2.3,18,,-3.363,57.537
3953,Operational,18.4,2013-11-07,2.3,8,,-7.03,54.976
3955,Operational,27.6,2013-11-07,2.3,12,,-7.035,54.97
3956,Operational,10.0,2013-05-24,2.5,4,,-3.495,51.611
3957,Operational,8.0,2014-03-31,2.0,4,,-1.255,53.577
3958,Operational,7.5,2013-03-01,2.5,3,,-1.706,53.543
3961,Operational,2.3,2017-03-01,2.3,1,109.0,-6.412,55.01
3962,Operational,6.9,2017-03-01,2.3,3,109.0,-6.412,55.01
3963,Operational,8.0,2012-01-18,2.0,4,,-1.24,53.533
3964,Operational,2.0,2008-04-01,0.6,3,,-1.481,54.914
3968,Operational,6.9,2010-02-20,2.3,3,,-2.11,57.311
3969,Operational,21.0,2013-04-25,3.0,7,,-6.889,55.069
3971,Operational,20.0,2013-03-31,2.5,8,,-0.195,52.262
3972,Operational,6.2,2013-06-14,2.05,3,,-3.514,54.687
3973,Revised,16.1,,2.3,7,,-0.643,52.361
3976,Operational,20.0,2013-10-30,2.0,10,,-5.031,50.351
3978,Operational,16.0,2013-07-11,2.0,8,,-1.151,52.375
3979,Revised,4.0,,2.0,2,,-2.866,53.9
3980,Operational,2.4,2012-03-20,0.8,3,,-2.067,57.615
3981,Operational,108.0,2012-10-31,3.0,36,,-4.287,55.677
3982,Operational,12.0,2013-03-25,3.0,4,,0.337,51.457
3983,Awaiting Construction,102.0,,3.0,34,,-3.423,52.446
3984,Operational,6.0,2012-11-01,2.0,3,,-1.259,54.494
3985,Operational,7.5,2013-01-23,2.5,3,,-1.402,54.84
3986,Operational,12.0,2013-02-11,2.0,6,,-2.639,54.276
3987,Operational,18.0,2013-03-19,2.0,9,,-0.173,53.846
3988,Operational,2.7,2015-09-15,0.9,3,,-6.493,58.384
3992,Operational,10.2,2014-01-10,3.4,3,,-0.113,53.749
3993,Revised,23.0,,2.3,10,,-1.933,53.779
3998,Revised,15.0,,3.0,5,,-2.145,53.699
4006,Operational,50.0,2013-02-09,2.0,25,,-3.272,58.409
4007,Revised,10.4,,0.94,11,,-4.821,50.496
4008,Operational,2.7,2002-05-10,0.9,3,,-2.66,59.097
4009,Operational,36.8,2008-11-09,2.3,16,,-3.232,56.622
4011,Operational,350.0,2012-10-01,2.3,152,,-3.543,55.442
4013,Operational,36.8,2012-09-17,2.3,16,,-4.427,57.71
4014,Operational,48.0,2012-06-01,2.3,21,,-3.341,57.623
4015,Operational,13.8,2016-05-30,2.3,6,,-3.334,55.107
4018,Revised,4.0,,2.0,2,,-0.036,52.651
4019,Operational,54.0,2013-09-30,3.0,18,,-1.768,55.499
4021,Operational,52.5,2013-03-29,2.5,21,,-3.677,58.568
4022,Operational,3.9,2007-08-31,1.3,3,,-3.958,52.595
4023,Operational,28.6,2012-09-01,1.3,22,,-2.262,55.898
4024,Operational,6.0,2011-06-17,0.85,7,,-5.53,55.479
4026,Operational,54.4,2017-02-05,3.5,16,,-2.071,55.182
4027,Operational,32.2,2013-09-30,2.3,14,,-3.876,56.628
4028,Operational,156.0,2012-02-28,3.0,52,,-3.734,56.581
4029,Operational,3.9,2007-03-15,1.3,3,,-3.191,54.79
4031,Operational,7.65,2013-04-01,0.85,9,,-2.272,56.889
4032,Operational,52.9,2018-03-02,2.3,23,,-4.032,55.12
4033,Operational,66.0,2012-01-24,3.0,22,,-4.103,51.157
4034,Operational,25.0,2012-11-27,2.8,9,,-3.252,56.119
4035,Revised,6.0,,2.0,3,,-2.733,56.559
4039,Operational,25.0,2013-06-01,2.5,10,115.0,-3.505,51.613
4040,Revised,75.0,,2.5,30,,-3.429,58.482
4041,Operational,32.2,2012-06-30,2.0,14,,-7.753,54.64
4042,Operational,20.7,2013-03-21,2.3,9,,-7.2,54.895
4044,Operational,36.0,2012-11-28,2.0,18,,-2.127,55.132
4047,Operational,18.4,2012-06-01,2.0,8,,-7.713,54.654
4048,Operational,15.0,2010-09-29,2.5,6,,-7.017,54.55
4051,Operational,24.7,2013-02-28,1.3,19,,-4.547,57.996
4053,Operational,9.2,2014-09-22,2.3,4,,-7.56,54.606
4054,Operational,18.8,2017-02-16,2.5,8,,-7.106,54.509
4055,Operational,14.3,2013-03-27,1.3,11,,-4.134,55.578
4056,Operational,2.0,2007-07-31,1.0,2,,-2.393,57.376
4057,Operational,18.0,2016-04-07,2.0,9,103.0,-3.689,50.972
4058,Operational,27.6,2011-10-01,2.3,12,,-7.289,54.92
4059,Operational,144.0,2013-03-31,3.0,48,,-2.688,55.831
4060,Operational,3.0,2013-05-29,3.0,1,,-4.215,55.797
4061,Operational,34.5,2013-04-01,2.3,15,,-3.929,51.773
4062,Operational,6.4,2013-03-29,0.8,8,,-3.048,56.571
4063,Operational,13.8,2013-03-28,2.3,6,,-6.511,58.257
4065,Operational,6.9,2018-08-10,2.3,3,,-7.569,54.635
4066,Operational,15.0,2014-12-03,3.0,5,,-7.637,54.198
4067,Operational,17.5,2016-12-22,2.0,7,,0.868,51.652
4068,Operational,5.0,2014-05-15,3.4,2,,-1.413,52.908
4069,Operational,12.3,2015-12-15,2.05,6,,-0.7,53.638
4070,Operational,34.9,2016-11-14,2.05,17,,-0.887,53.677
4071,Revised,4.0,,2.0,2,,-2.804,55.701
4072,Operational,18.0,2016-10-31,3.0,6,,-2.963,57.506
4073,Operational,20.0,2020-06-01,2.5,8,,-4.806,55.25
4075,Operational,3.0,2015-11-15,3.0,1,,-1.167,60.192
4076,Operational,6.2,2019-05-09,3.0,3,,-0.288,52.277
4078,Operational,6.9,2016-10-24,2.3,3,,-3.253,56.118
4079,Revised,27.0,,3.0,9,,-4.069,55.524
4081,Operational,9.2,2014-12-22,2.3,4,,-7.56,54.606
4082,Revised,40.0,,2.5,16,,-3.434,53.185
4084,Operational,12.5,2016-07-01,2.5,5,,-0.96,52.403
4085,Operational,5.7,2015-06-18,3.0,2,,-3.745,55.877
4086,Revised,12.0,,2.0,6,,-2.785,55.696
4088,Operational,2.0,2015-12-27,2.0,1,,-3.32,56.086
4093,Operational,1.5,2014-12-01,1.5,1,,-3.159,56.167
4094,Operational,6.4,2016-11-20,3.2,2,,-3.164,56.154
4097,Operational,11.5,2016-02-26,2.3,5,,1.531,52.366
4104,Operational,12.0,2013-07-09,2.0,6,,-3.36,54.707
4107,Operational,38.4,2018-06-15,3.2,12,,-7.441,54.568
4108,Operational,13.8,2016-08-15,2.3,6,,-6.3,54.633
4109,Operational,10.0,2013-07-30,0.85,12,,-2.278,57.019
4110,Operational,36.0,2016-11-02,2.5,14,,-3.846,55.509
4111,Operational,6.9,2016-12-22,2.3,3,,-6.943,54.551
4112,Operational,25.0,2018-08-15,2.5,10,,-7.587,54.631
4113,Operational,1.0,2011-05-10,0.25,4,,-1.343,52.826
4114,Operational,18.4,2013-02-14,2.3,8,,-2.703,57.225
4116,Operational,8.6,2017-02-15,2.0,3,,-0.609,52.236
4117,Revised,13.8,,2.3,6,,-2.183,50.693
4118,Operational,94.0,2016-09-13,3.0,33,,-4.256,57.251
4119,Operational,136.0,2014-07-01,2.0,68,,-3.574,55.239
4120,Operational,54.4,2017-04-26,3.2,17,125.0,-4.773,57.669
4121,Operational,29.9,2015-12-03,2.5,12,,-3.132,58.579
4122,Operational,22.5,2015-08-07,2.5,9,,-3.204,58.357
4123,Operational,51.0,2014-05-14,3.0,17,,-4.817,57.655
4124,Operational,34.5,2017-02-15,2.3,15,,-7.591,54.705
4125,Operational,26.0,2016-02-29,2.0,13,,-3.775,55.912
4126,Revised,5.0,,2.5,2,,-2.364,55.935
4128,Under Construction,45.0,,3.0,15,,-4.395,55.643
4133,Operational,1.6,2016-10-15,0.8,2,,-2.622,57.157
4136,Revised,1.5,,0.5,3,,-2.418,57.631
4138,Operational,24.0,2013-08-31,3.0,8,,-3.518,51.698
4139,Operational,7.1,2017-03-15,2.35,3,110.0,-7.095,54.522
4140,Operational,4.6,2014-09-01,2.3,2,,-4.814,50.425
4141,Operational,6.2,2014-05-01,2.05,3,,-3.346,54.78
4142,Operational,42.0,2014-11-14,3.0,14,,-6.889,55.08
4143,Operational,12.0,2016-08-15,3.0,4,,-6.396,55.118
4149,Awaiting Construction,9.2,,2.3,4,,-7.674,54.668
4151,Operational,30.0,2018-07-15,3.0,10,130.0,-7.514,54.578
4152,Operational,11.0,2018-07-19,2.2,5,,-7.399,54.303
4155,Operational,12.0,2015-11-15,2.5,4,,-7.134,54.979
4156,Operational,15.0,2017-03-09,2.5,6,,-6.772,54.739
4157,Operational,29.8,2016-09-15,0.85,35,,-4.126,55.363
4158,Application Submitted,12.0,,2.0,6,,-3.297,54.209
4159,Operational,9.0,2014-04-01,3.0,3,,-2.699,51.503
4163,Operational,13.8,2015-01-19,2.3,6,,-2.025,55.637
4164,Operational,12.3,2016-06-30,2.3,6,,-1.062,52.366
4165,Awaiting Construction,6.0,,3.0,2,,-0.247,54.072
4167,Operational,8.2,2016-07-30,2.05,4,,-1.618,55.25
4168,Operational,4.0,2015-02-15,2.0,2,,-4.447,50.917
4170,Operational,6.9,2015-02-16,2.3,3,,-2.165,57.453
4174,Operational,7.5,2015-04-24,2.5,3,,-2.865,54.034
4175,Operational,10.0,2014-04-30,2.3,4,,-0.308,52.34
4177,Operational,11.5,2016-11-17,2.3,5,,-3.148,54.209
4178,Operational,172.8,2017-08-15,3.2,54,,-3.548,55.504
4179,Operational,29.9,2017-03-09,2.3,13,,-2.353,55.867
4181,Application Submitted,27.0,,3.0,9,,-3.453,52.414
4184,Operational,6.9,2018-11-21,2.3,3,,-5.66,55.545
4187,Application Submitted,15.0,,2.5,6,125.0,1.004,51.089
4189,Operational,42.0,2023-01-01,4.2,10,149.9,-4.91,55.181
4191,Revised,12.0,,3.0,4,,-2.906,57.477
4193,Operational,8.0,2017-01-15,2.0,4,,-3.746,51.583
4194,Operational,12.0,2017-03-01,2.0,6,,-3.45,51.56
4196,Operational,1.5,2014-12-01,1.5,1,,-3.748,51.563
4198,Awaiting Construction,13.5,,4.5,3,149.9,-3.504,51.681
4199,Revised,25.8,,3.4,6,149.9,-3.508,55.818
4200,Operational,24.0,2021-02-20,3.0,8,,-4.729,55.918
4206,Operational,5.0,2015-12-15,2.5,2,,-1.621,53.092
4210,Operational,14.4,2014-08-01,1.6,9,,-0.652,52.362
4211,Operational,19.2,2016-12-01,3.2,6,,-3.562,55.821
4213,Operational,24.0,2023-08-25,3.0,8,125.0,-3.912,55.901
4215,Operational,13.8,2016-12-22,2.3,6,,-2.534,55.926
4218,Operational,8.5,2017-07-11,2.83,3,,-3.779,55.904
4223,Operational,12.0,2016-02-29,2.0,6,,-3.782,56.204
4225,Operational,51.7,2016-12-01,2.35,22,126.0,-3.532,55.809
4227,Operational,7.5,2017-03-08,3.0,3,,-4.26,50.808
4233,Operational,6.0,2016-09-15,2.0,3,,-3.503,54.603
4235,Operational,6.4,2016-03-31,3.2,2,,-4.781,55.736
4236,Revised,35.0,,2.5,14,,-6.849,54.966
4240,Operational,7.5,2014-01-15,2.5,3,,-4.09,55.742
4244,Operational,177.0,2018-09-15,3.0,59,126.0,-3.132,57.351
4245,Operational,13.8,2017-03-13,2.3,6,,-7.01,54.567
4246,Operational,5.0,2017-05-31,1.6,3,,-6.178,54.79
4247,Operational,22.5,2016-05-30,2.5,9,,-4.123,56.089
4248,Operational,26.0,2016-02-20,2.0,13,100.0,-0.032,52.642
4249,Operational,37.5,2017-09-01,2.5,15,,-6.765,54.981
4250,Operational,20.5,2013-07-30,1.95,10,,-1.764,55.52
4251,Awaiting Construction,21.0,,3.0,6,,-7.501,54.612
4252,Revised,29.0,,2.23,13,,-2.923,57.627
4253,Operational,48.4,2016-02-18,1.67,29,,-3.763,55.762
4255,Operational,7.5,2017-02-24,2.5,3,,-7.048,54.553
4256,Operational,16.4,2017-01-30,2.0,8,115.0,-0.001,53.51
4258,Revised,72.0,,2.6,28,135.0,-4.886,54.999
4260,Operational,68.0,2015-02-26,2.0,34,,-0.764,53.612
4261,Operational,66.7,2014-05-30,2.3,29,,-3.475,57.447
4262,Operational,50.0,2018-02-15,2.0,25,120.0,-4.174,55.312
4263,Operational,30.75,2017-03-17,2.05,15,111.0,-3.672,55.805
4264,Operational,13.8,2017-01-13,2.3,6,,-7.214,54.884
4266,Operational,18.0,2016-11-17,2.0,9,,-3.867,50.78
4267,Revised,39.1,,3.0,13,125.0,-3.89,57.387
4269,Operational,69.0,2016-08-15,3.0,23,,-4.488,55.304
4272,Operational,9.0,2015-07-17,3.0,3,,-6.481,58.208
4275,Revised,11.5,,2.05,5,,-5.026,51.682
4281,Operational,8.3,2016-03-17,3.2,3,147.0,-3.606,55.758
4294,Revised,19.8,,5.0,6,,-4.111,55.313
4295,Operational,1.5,2014-12-18,1.5,1,,-0.634,51.952
4297,Operational,23.5,,1.8,10,,-6.801,54.995
4299,Operational,9.2,2017-05-15,2.3,4,,-3.263,58.595
4300,Operational,92.4,2023-01-12,4.2,22,125.0,-4.511,58.219
4301,Awaiting Construction,24.0,,3.0,8,,-6.889,55.069
4307,Operational,27.2,2023-01-01,3.4,8,,-3.765,55.836
4312,Awaiting Construction,9.9,,0.9,11,79.0,-4.401,53.407
4315,Under Construction,9.0,,2.3,3,,-4.789,55.663
4316,Operational,13.2,2018-02-15,2.2,6,,-2.915,55.01
4318,Revised,126.0,,7.0,18,180.0,-1.09,60.704
4320,Operational,12.5,2017-07-14,2.5,5,,-7.049,54.569
4321,Operational,16.0,2015-05-01,2.0,8,,-2.15,53.75
4325,Operational,16.1,2017-03-16,2.0,7,,-7.09,54.477
4326,Operational,7.5,2017-01-12,2.5,3,,0.271,50.829
4327,Operational,15.0,2013-09-01,2.5,6,,-0.597,53.835
4328,Operational,6.0,2015-12-20,2.0,3,,-5.481,55.934
4330,Operational,10.0,2019-04-08,2.0,5,115.0,-3.455,58.449
4331,Operational,48.3,2016-06-29,2.3,21,,-5.31,56.153
4332,Operational,60.8,2017-11-15,3.2,19,145.0,-2.49,55.917
4333,Awaiting Construction,9.2,,2.3,4,,-2.178,50.686
4335,Operational,6.9,2017-12-07,2.3,3,100.0,-2.5,51.572
4337,Operational,36.0,2017-03-20,3.0,12,,-3.984,55.624
4338,Revised,2.3,,2.3,1,,-2.406,56.929
4345,Operational,10.3,2015-10-01,2.05,5,,0.061,52.535
4346,Operational,2.3,2014-08-18,2.3,1,,-2.3,57.566
4348,Operational,7.5,2017-02-28,2.35,3,,-2.379,56.84
4349,Revised,60.0,,3.0,20,,-3.702,57.459
4350,Operational,10.0,2017-02-09,2.5,5,100.0,-2.899,57.464
4351,Under Construction,36.0,,3.6,10,127.0,-3.221,58.418
4353,Revised,54.0,,3.0,18,115.0,-3.264,55.719
4354,Operational,13.6,2015-12-01,3.4,4,,-2.112,53.668
4359,Revised,50.0,,4.16,12,149.9,-4.482,57.125
4360,Operational,6.9,2017-12-15,2.3,3,,-2.616,57.591
4361,Operational,6.0,2017-03-15,2.0,3,,-6.708,54.811
4362,Operational,29.9,2015-08-28,2.3,13,,-4.098,55.609
4363,Operational,18.4,2014-07-30,2.3,8,,-3.081,56.174
4365,Operational,25.0,2014-06-30,2.5,10,,-2.396,56.836
4368,Operational,66.0,2017-02-15,3.0,22,,-3.975,55.54
4369,Operational,16.4,2016-02-26,2.05,8,,0.166,53.363
4370,Operational,2.5,2014-06-01,2.5,1,,-4.618,55.593
4371,Operational,48.5,2022-01-01,2.5,20,110.0,-4.086,57.321
4373,Operational,32.8,2014-08-11,2.05,16,,-0.889,53.666
4374,Operational,1.5,2014-08-01,1.5,1,,-0.005,52.521
4377,Under Construction,14.4,,2.5,7,,-3.274,52.235
4381,Operational,27.6,2016-12-01,2.3,12,99.0,-3.616,57.511
4382,Revised,28.0,,3.5,8,130.0,-3.753,55.719
4384,Awaiting Construction,8.2,,2.05,4,122.0,-2.385,53.719
4385,Under Construction,62.0,,4.8,13,180.0,-3.946,55.498
4386,Operational,239.0,2017-12-15,2.5,96,,-4.802,54.988
4389,Awaiting Construction,4.0,,2.0,2,,-4.197,55.389
4390,Operational,8.0,2017-01-19,2.0,4,,-1.326,54.546
4391,Revised,20.0,,2.5,8,,-5.166,54.91
4393,Revised,72.0,,3.0,24,,-3.759,58.532
4395,Operational,18.0,2014-05-14,3.0,6,,-4.841,57.68
4399,Operational,7.2,2014-06-30,0.8,9,,-0.862,52.162
4403,Operational,8.8,2018-12-01,2.0,4,,0.863,51.396
4404,Operational,1.5,2014-12-01,1.5,1,127.0,-3.159,56.164
4408,Operational,18.0,2017-01-24,2.5,9,115.0,-1.933,53.779
4409,Operational,20.0,2017-05-01,2.5,8,125.0,-3.522,51.587
4410,Operational,8.6,2015-11-20,2.85,3,,-1.402,53.574
4411,Operational,4.6,2017-05-01,2.3,2,,-2.372,56.815
4412,Operational,4.0,2018-01-15,1.33,3,,-3.276,51.775
4414,Operational,8.0,2015-04-23,2.0,4,,-0.122,52.468
4415,Operational,12.5,2017-02-15,2.5,5,,-1.321,54.647
4418,Under Construction,208.0,,6.2,35,200.0,-4.074,58.44
4419,Operational,12.3,2014-09-10,3.0,5,,-2.159,53.701
4420,Operational,39.0,2019-03-01,3.0,13,125.0,-3.892,57.393
4422,Operational,10.0,2014-07-01,2.5,4,,-2.405,56.827
4424,Operational,12.5,2015-11-23,2.0,5,,-1.107,52.327
4425,Operational,18.5,2017-09-15,2.05,9,,-3.216,58.435
4427,Operational,30.0,2014-06-30,2.5,12,,-4.209,55.659
4430,Revised,43.0,,3.0,12,125.0,-4.179,55.275
4431,Operational,90.0,2017-06-15,3.0,30,120.0,-4.203,55.292
4432,Operational,8.2,2019-08-01,2.05,4,,-0.166,53.859
4434,Operational,5.1,2019-03-29,0.85,6,,-2.833,55.822
4435,Operational,8.1,2013-08-27,2.03,4,,-4.788,54.866
4437,Operational,25.0,2017-03-15,2.5,10,,-3.515,55.249
4438,Revised,21.0,,3.0,7,,-3.991,54.887
4440,Operational,51.0,2019-05-16,3.4,15,,-3.804,55.513
4441,Operational,32.4,2018-02-01,3.4,9,,-4.047,55.344
4442,Revised,25.0,,2.5,10,,-2.842,55.839
4445,Operational,9.1,2012-09-01,1.3,7,,-4.516,54.872
4447,Revised,2.4,,0.8,3,,-3.768,54.954
4448,Revised,21.6,,3.6,6,150.0,-6.525,58.029
4449,Operational,30.0,2020-11-01,2.0,15,,-3.108,55.1
4450,Operational,4.0,2014-09-09,2.0,2,,-3.769,56.215
4454,Revised,5.0,,1.0,5,,-4.089,55.128
4455,Revised,25.3,,2.3,11,100.0,-4.1,55.135
4457,Revised,27.0,,3.0,9,,-3.9,55.32
4462,Operational,35.0,2017-03-15,2.5,14,137.0,-4.658,54.802
4465,Operational,2.5,2017-05-15,2.5,1,,-5.087,54.868
4466,Revised,24.0,,3.0,8,,-4.004,55.052
4480,Under Construction,81.0,,4.5,18,149.9,-4.248,55.369
4483,Operational,1.6,2017-03-15,0.8,2,,-5.001,51.774
4484,Operational,2.4,2015-07-15,0.8,3,,-3.76,54.956
4485,Operational,2.5,2016-03-29,2.5,1,,-3.644,51.741
4492,Awaiting Construction,33.6,,4.2,8,149.9,-4.051,55.418
4493,Operational,1.6,2015-09-01,1.6,1,,-1.325,52.64
4497,Operational,1.3,2015-09-15,1.3,1,,-2.143,52.164
4498,Revised,2.3,,2.3,1,,-2.699,57.627
4500,Revised,42.0,,2.0,21,,-3.03,55.173
4501,Operational,15.3,2014-01-15,0.85,18,,-4.728,54.859
4502,Operational,25.3,2018-04-30,2.3,11,,-4.029,55.357
4504,Operational,54.0,2008-04-15,3.0,18,,-7.628,54.19
4505,Revised,34.0,,2.0,17,,-4.081,55.155
4508,Operational,22.0,2010-01-20,2.0,11,,-5.088,54.877
4511,Operational,6.8,2014-07-12,2.26,3,,-2.387,56.94
4513,Operational,14.4,2016-01-18,2.05,7,,-0.755,52.45
4514,Operational,1.0,2015-11-15,0.5,2,,-3.949,55.379
4516,Operational,4.5,2017-12-19,0.9,5,,-2.825,55.817
4517,Operational,36.8,2008-03-01,2.3,16,,-3.353,55.122
4518,Operational,19.5,2005-06-23,1.3,15,,-4.775,54.97
4519,Operational,18.2,2007-05-01,1.3,14,,-4.045,55.223
4520,Operational,30.0,2008-03-15,2.0,15,,-3.651,55.184
4521,Revised,30.0,,2.0,15,,-3.515,55.249
4523,Revised,118.8,,3.6,33,145.0,-6.633,58.027
4524,Operational,10.0,2007-10-01,2.5,4,,-3.069,55.164
4525,Operational,43.7,2014-09-01,2.3,19,,-5.587,55.573
4526,Operational,48.0,2008-11-01,3.0,16,125.0,-2.49,55.917
4527,Operational,21.6,1996-10-01,0.6,36,,-4.183,55.297
4529,Under Construction,4.0,,2.0,2,,-4.316,55.173
4532,Operational,9.0,2017-03-16,2.5,3,,-0.814,53.048
4544,Operational,31.0,2017-04-26,3.45,9,,-3.026,55.011
4549,Revised,6.9,,2.3,3,119.0,-0.54,53.717
4552,Operational,96.0,2019-10-01,3.0,32,145.0,-3.489,53.071
4557,Operational,7.1,2017-03-15,2.35,3,110.0,-7.111,54.513
4558,Operational,21.0,2018-02-15,2.3,9,,-6.176,54.951
4561,Revised,23.1,,3.3,7,,-6.11,54.805
4563,Operational,22.0,2018-03-15,2.0,11,,-6.193,54.933
4564,Awaiting Construction,13.8,,2.3,9,,-7.319,54.814
4565,Awaiting Construction,12.6,,1.8,7,,-7.145,54.946
4566,Revised,9.2,,2.3,4,,-6.107,54.81
4570,Application Submitted,36.0,,3.0,12,,-3.273,52.419
4571,Awaiting Construction,45.0,,3.4,13,149.9,-3.559,52.562
4574,Revised,90.0,,3.0,30,,-4.051,55.369
4575,Operational,6.9,2017-03-31,2.3,3,,-2.391,55.921
4580,Operational,15.0,2016-02-18,3.0,5,,-3.763,55.762
4583,Revised,66.0,,2.0,22,,-4.709,58.138
4584,Under Construction,62.4,,4.8,13,180.0,-4.022,58.473
4586,Operational,240.0,2023-06-01,4.8,50,150.0,-4.293,55.317
4588,Revised,35.0,,3.5,10,132.0,-4.856,57.125
4591,Operational,81.7,2021-11-01,4.3,19,145.0,-2.453,55.893
4593,Operational,22.0,2017-01-15,2.0,11,,-4.99,55.001
4595,Operational,228.0,2017-05-19,3.0,76,,-3.696,51.656
4597,Operational,227.7,2018-12-11,3.45,66,135.0,-4.526,57.127
4598,Operational,4.0,2014-12-15,2.0,2,,-1.158,52.35
4599,Operational,14.4,2018-01-23,2.05,7,,-3.313,56.655
4600,Operational,28.7,2016-07-01,2.0,14,,-2.321,55.897
4601,Operational,5.0,2017-03-15,2.5,2,,-2.364,55.935
4603,Revised,88.0,,4.0,22,152.0,-4.082,55.421
4604,Operational,10.0,2015-02-23,2.5,5,,-4.821,50.496
4605,Operational,35.0,2022-01-01,2.5,14,110.0,-5.644,55.568
4611,Revised,22.5,,2.5,9,,-4.419,55.421
4612,Revised,57.8,,3.4,17,,-4.49,55.338
4615,Under Construction,87.6,,,20,180.0,-4.242,55.276
4619,Operational,46.0,2013-10-28,2.3,20,,-5.295,56.339
4620,Operational,16.0,2015-03-26,1.6,10,,-2.94,55.471
4622,Revised,370.0,,3.5,103,,-1.208,60.339
4623,Operational,37.0,2015-06-26,2.05,18,,-2.866,57.366
4624,Operational,9.2,2014-11-28,2.3,4,,-4.271,50.919
4625,Operational,67.7,2015-12-01,2.05,33,,-4.034,58.49
4627,Operational,18.4,2014-12-02,2.3,8,,-2.486,56.969
4628,Operational,67.2,2024-10-01,4.48,15,200.0,-4.036,55.633
4629,Operational,1.5,2015-03-19,0.5,3,,-6.832,57.942
4631,Under Construction,48.0,,4.0,11,200.0,-2.528,55.903
4632,Revised,25.6,,3.2,8,130.0,-3.087,55.169
4633,Operational,48.0,2021-06-01,4.8,10,177.0,-3.173,55.176
4635,Revised,13.8,,2.3,6,,-2.822,56.343
4636,Operational,34.0,2021-03-31,2.3,15,120.0,-3.444,58.431
4637,Operational,4.0,2016-11-24,2.5,2,,-0.104,52.664
4638,Operational,27.5,2016-06-01,2.5,11,,-4.754,54.963
4640,Operational,110.0,2017-09-15,3.43,32,135.0,-4.582,57.219
4642,Operational,12.0,2017-12-15,2.5,6,,-1.497,54.575
4643,Operational,88.4,2019-09-15,3.4,26,,-4.036,55.633
4644,Operational,6.0,2017-09-14,2.0,3,,-3.615,51.643
4645,Operational,25.0,2016-10-28,2.3,11,,-4.779,55.226
4646,Operational,26.7,2019-05-01,2.05,13,112.0,-3.429,58.42
4647,Operational,29.7,2016-06-15,3.3,9,,-0.231,54.048
4648,Operational,32.8,2019-04-24,2.05,16,,-3.938,51.749
4649,Operational,13.8,2015-04-01,2.3,6,,0.687,52.884
4650,Under Construction,27.0,,3.0,9,,-7.45,54.587
4651,Operational,10.0,2015-11-24,2.0,5,,-4.962,50.466
4652,Operational,27.6,2016-12-15,2.0,12,,-6.442,54.984
4653,Operational,13.8,2017-01-04,2.3,6,,-6.979,54.623
4654,Operational,15.0,2017-03-30,2.3,6,,-7.896,54.338
4655,Operational,10.2,2015-03-31,3.4,3,125.0,-2.167,53.7
4656,Operational,24.0,2017-09-14,2.0,12,,-3.621,51.645
4657,Operational,8.2,2016-04-30,2.0,5,,0.691,52.857
4658,Operational,10.3,2016-01-15,2.05,3,125.0,-1.336,53.812
4659,Operational,23.8,2015-12-01,3.4,7,,-2.115,53.67
4660,Operational,7.5,2017-01-15,2.5,3,,-0.114,53.677
4661,Operational,8.2,2014-07-07,2.05,4,,-4.996,51.702
4662,Operational,20.7,2014-07-31,2.3,9,,0.892,51.663
4663,Operational,3.4,2012-09-01,3.4,1,,-1.499,55.129
4664,Operational,69.5,2016-09-30,3.0,23,120.0,-4.36,57.19
4665,Operational,8.0,2014-02-05,2.0,4,,-1.634,53.084
4666,Operational,20.0,2014-01-30,2.0,10,,-0.245,52.059
4667,Operational,57.5,2013-12-01,2.3,25,,-2.486,56.969
4668,Operational,6.0,2008-11-01,2.0,3,,-4.806,55.644
4669,Operational,29.8,2005-12-01,1.75,17,,-4.329,57.805
4670,Operational,23.0,2009-11-30,2.3,10,,-4.238,51.978
4671,Operational,16.7,2006-02-01,2.0,8,,-2.639,57.665
4672,Operational,20.0,2006-04-01,2.0,10,,-0.643,52.361
4673,Operational,22.8,2005-12-01,1.75,13,,-8.093,54.418
4674,Operational,41.4,2010-06-21,2.3,18,,-6.432,57.469
4675,Operational,43.0,2010-06-07,2.15,20,,-4.632,57.533
4676,Operational,92.0,2005-10-01,2.3,40,,-4.103,57.334
4677,Operational,32.0,2005-12-01,2.0,16,,-3.629,51.683
4678,Operational,1.8,2010-06-01,1.75,1,,-3.097,58.841
4679,Operational,5.2,2007-07-01,1.3,4,,-3.688,58.602
4680,Operational,10.5,2006-08-01,1.75,6,,-7.605,54.634
4681,Operational,4.0,2006-05-20,2.0,2,,-2.894,56.484
4682,Operational,40.0,2008-07-15,2.5,16,125.0,-4.884,57.155
4683,Operational,12.3,2011-01-01,2.05,6,,-3.586,55.767
4684,Operational,14.5,2005-12-01,0.85,17,,-3.428,52.578
4685,Operational,4.5,2007-02-01,1.5,3,,-2.303,53.773
4686,Operational,14.4,2006-10-01,1.8,8,,0.732,52.629
4687,Operational,65.0,2006-04-01,2.3,28,,-3.476,57.446
4688,Operational,9.0,2009-07-01,1.5,6,,-7.696,54.547
4689,Operational,21.3,2005-06-01,0.85,25,,-3.491,53.117
4690,Operational,5.2,2008-07-10,1.3,4,,-1.443,54.72
4691,Operational,18.0,2006-03-01,3.0,6,,-4.789,55.722
4702,Revised,2.4,,0.8,3,74.0,-2.419,53.678
4728,Application Submitted,47.5,,2.5,19,,-3.38,52.62
4747,Operational,1.5,2016-10-01,1.5,1,125.0,-3.73,55.871
4764,Awaiting Construction,35.0,,4.3,8,145.0,-3.685,51.624
4790,Operational,1.8,2019-01-11,0.9,2,78.0,-3.201,53.29
4795,Revised,28.5,,2.85,10,75.0,-6.055,54.901
4817,Operational,10.0,2020-01-01,2.3,4,115.0,-3.33,56.306
4892,Operational,2.4,2017-03-27,0.8,3,79.0,-2.613,57.622
4893,Awaiting Construction,18.0,,3.0,5,145.0,-3.667,51.692
4902,Awaiting Construction,11.5,,2.3,5,93.0,-6.026,54.647
4908,Operational,1.5,2014-12-18,1.5,1,144.0,-0.836,51.842
4917,Operational,1.5,2016-12-01,1.5,1,126.0,-1.218,53.075
4957,Awaiting Construction,24.0,,3.0,8,126.0,-7.043,54.904
4976,Operational,2.2,2014-11-12,1.0,2,64.0,0.08,51.526
4987,Awaiting Construction,3.6,,0.9,4,67.0,-2.417,57.413
4988,Operational,18.8,2024-05-01,2.35,8,110.0,-4.74,55.306
4995,Operational,5.0,2017-03-01,2.5,2,117.0,-0.534,53.717
5062,Application Submitted,2.3,,2.3,1,100.0,-3.789,55.772
5082,Awaiting Construction,4.6,,2.3,2,100.0,-4.087,52.049
5087,Revised,2.3,,2.3,1,93.0,-6.888,54.686
5116,Revised,20.0,,2.5,8,100.0,-5.166,54.91
5123,Awaiting Construction,26.0,,2.0,13,100.0,-5.45,55.74
5153,Revised,1.5,,1.5,1,99.0,-5.056,50.321
5166,Awaiting Construction,17.5,,2.5,7,102.0,-3.544,53.118
5172,Awaiting Construction,22.8,,5.7,4,135.0,-4.413,58.097
5174,Revised,10.2,,,3,136.0,-4.159,55.578
5187,Operational,1.5,2021-04-12,1.5,1,100.0,-3.68,58.601
5188,Awaiting Construction,16.3,,4.08,5,125.0,-3.227,59.149
5195,Under Construction,72.6,,6.6,11,180.0,-3.328,58.347
5198,Awaiting Construction,20.4,,4.0,5,125.0,-2.932,58.778
5211,Awaiting Construction,1.0,,0.5,2,77.0,-2.839,51.392
5222,Application Submitted,39.6,,3.3,12,125.0,-6.153,54.177
5277,Operational,7.5,2017-04-24,2.75,3,137.0,-0.656,52.354
5318,Revised,7.5,,2.5,3,110.0,-3.453,58.441
5348,Application Submitted,13.2,,3.3,4,125.0,-3.818,55.877
5373,Awaiting Construction,15.0,,3.0,5,130.0,-2.819,57.616
5392,Revised,49.4,,2.0,24,125.0,-4.051,55.372
5393,Operational,45.0,2023-01-01,4.2,13,149.9,-3.89,55.587
5414,Revised,10.2,,3.4,3,136.0,-4.159,55.578
5454,Revised,1.0,,1.0,1,80.0,-3.347,58.31
5455,Operational,48.0,2023-09-11,,12,,-3.959,55.572
5555,Operational,2.3,2016-08-15,2.3,2,126.0,-2.974,51.556
5598,Operational,37.6,2018-10-15,2.35,16,110.0,-3.503,53.109
5618,Revised,51.0,,3.0,17,140.0,-3.839,58.549
5624,Revised,4.7,,2.35,2,100.0,-3.841,51.782
5637,Operational,4.8,2019-03-01,0.8,6,74.0,-2.842,55.839
5859,Revised,2.4,,2.4,3,77.0,-2.259,57.347
5949,Awaiting Construction,105.0,,5.8,18,180.0,-3.584,57.43
5960,Revised,2.7,,0.9,3,67.0,-1.248,60.048
5963,Revised,32.4,,3.3,9,149.0,-4.109,55.283
6005,Operational,79.8,2025-04-01,4.2,19,149.9,-3.742,58.528
6013,Operational,2.5,,2.5,1,125.0,-3.671,51.508
6033,Operational,1.5,2017-11-01,1.5,1,100.0,-3.499,53.018
6036,Revised,49.5,,3.3,15,130.0,-4.155,55.29
6057,Awaiting Construction,104.0,,4.0,26,149.9,-2.579,56.966
6079,Operational,1.5,2018-08-31,1.5,1,116.0,-3.391,51.559
6082,Awaiting Construction,12.3,,2.05,6,100.0,-2.725,56.31
6096,Awaiting Construction,20.7,,2.3,9,127.0,-7.354,54.414
6099,Revised,42.0,,3.5,12,140.0,-3.14,55.187
6106,Operational,1.5,2015-08-01,1.5,1,119.0,-3.933,55.687
6119,Revised,47.6,,3.4,14,127.0,-5.619,55.614
6120,Operational,4.1,2024-01-20,4.1,1,150.0,-0.631,51.955
6143,Awaiting Construction,36.3,,3.3,11,150.0,-6.724,54.898
6147,Operational,33.6,2024-10-01,4.8,7,149.9,-2.73,55.354
6154,Awaiting Construction,2.3,,2.3,1,88.0,-6.009,54.643
6160,Revised,5.0,,2.5,2,125.0,-3.399,51.616
6173,Operational,2.6,2016-07-28,0.85,3,70.0,-3.91,55.633
6175,Revised,33.0,,3.0,11,150.0,-4.342,55.372
6177,Revised,33.6,,4.2,8,138.5,-3.621,58.596
6178,Awaiting Construction,5.0,,5.0,1,145.0,-6.757,58.276
6187,Awaiting Construction,9.0,,3.0,3,84.0,-6.879,55.081
6208,Awaiting Construction,5.0,,2.5,2,149.9,-3.683,55.801
6214,Under Construction,16.0,,2.0,8,100.0,-2.281,55.898
6249,Revised,1.5,,0.5,3,77.0,-2.418,57.631
6259,Awaiting Construction,35.0,,3.18,11,135.0,-2.23,56.973
6275,Awaiting Construction,132.0,,4.7,28,225.0,-3.32,57.515
6284,Revised,56.0,,3.29,17,150.0,-5.614,55.642
6293,Operational,2.5,2019-06-15,1.5,1,130.0,-2.689,51.517
6318,Operational,1.5,2017-03-31,1.5,1,,-4.068,56.045
6323,Awaiting Construction,5.0,,5.0,1,145.0,-6.48,58.205
6324,Operational,10.8,2020-07-01,3.6,3,135.0,-3.76,56.209
6327,Under Construction,45.6,,5.7,8,200.0,-3.628,55.813
6363,Under Construction,46.2,,,7,200.0,-3.651,55.511
6372,Awaiting Construction,225.0,,4.6,48,176.0,-3.535,57.485
6373,Awaiting Construction,77.0,,6.0,14,180.0,-2.933,57.384
6377,Revised,18.0,,3.0,5,133.0,-4.811,57.675
6378,Under Construction,1.5,,1.5,1,122.0,-3.479,51.634
6384,Awaiting Construction,46.8,,3.9,12,145.0,-1.211,60.16
6388,Operational,1.5,2015-01-01,0.75,2,71.0,-2.418,55.915
6405,Awaiting Construction,84.0,,6.6,14,180.0,-5.172,56.272
6407,Awaiting Construction,28.0,,4.0,7,150.0,-3.476,57.446
6422,Operational,2.5,2021-12-01,2.5,1,126.0,-3.425,51.559
6424,Revised,1.5,,1.5,1,129.0,-3.725,55.872
6432,Awaiting Construction,67.2,,,14,149.9,-4.068,55.188
6433,Revised,36.0,,3.3,11,150.0,-4.097,55.212
6439,Application Submitted,21.0,,3.0,7,125.0,-6.063,54.898
6443,Revised,36.0,,3.0,12,160.0,-3.001,55.151
6444,Awaiting Construction,36.0,,3.6,10,200.0,-4.105,55.166
6509,Operational,3.5,2021-01-01,3.5,1,150.0,-2.849,51.571
6519,Revised,1.5,,1.5,1,100.0,-2.103,57.42
6562,Awaiting Construction,29.7,,,9,150.0,-6.855,55.069
6573,Awaiting Construction,48.3,,3.45,14,140.0,-6.271,58.31
6577,Awaiting Construction,42.0,,,10,200.0,-2.347,56.964
6590,Under Construction,37.8,,,9,82.0,-3.9,55.32
6600,Awaiting Construction,84.0,,4.2,20,175.0,-4.886,54.999
6607,Under Construction,205.8,,,49,149.9,-4.36,55.352
6620,Awaiting Construction,25.2,,,7,149.9,-3.549,51.627
6629,Under Construction,308.0,,,44,200.0,-4.072,55.308
6634,Awaiting Construction,81.6,,,17,175.0,-4.583,57.65
6636,Operational,2.6,2003-07-01,,2,99.0,-3.688,58.602
6645,Revised,49.7,,,14,127.0,-6.25,58.348
6646,Awaiting Construction,4.8,,,3,100.0,-7.008,54.53
6652,Awaiting Construction,5.0,,,2,125.0,-3.531,51.607
6665,Awaiting Construction,196.0,,,33,180.0,-6.383,58.219
6673,Application Submitted,49.9,,,10,145.0,-6.57,58.17
6703,Operational,81.6,2023-02-18,,24,125.0,-4.051,55.372
6708,Operational,48.0,2024-10-01,,10,149.9,-3.816,55.604
6725,Application Submitted,7.2,,,2,139.0,-3.394,51.626
6728,Revised,34.5,,,10,179.0,-4.374,57.987
6733,Awaiting Construction,125.0,,,29,149.9,-4.536,57.187
6734,Awaiting Construction,80.0,,,16,149.9,-5.667,55.495
6751,Application Submitted,18.0,,,5,149.5,-4.79,54.92
6755,Revised,4.3,,,1,145.0,-3.404,58.365
6773,Awaiting Construction,1.5,,,1,,-3.233,51.802
6774,Awaiting Construction,0.3,,,1,74.0,-6.443,55.184
6784,Revised,0.9,,,1,,-3.461,56.383
6790,Awaiting Construction,23.1,,,7,125.0,-6.121,54.807
6793,Revised,29.4,,,7,135.0,-6.443,57.443
6796,Awaiting Construction,67.2,,,16,149.9,-4.269,55.404
6798,Under Construction,72.8,,5.6,13,200.0,-4.797,55.069
6801,Awaiting Construction,0.3,,,1,30.0,-5.942,54.963
6812,Awaiting Construction,0.2,,,1,40.0,-7.113,54.628
6818,Under Construction,0.9,,,1,77.0,-4.603,50.663
6819,Revised,8.4,,,2,139.0,-3.776,55.84
6826,Under Construction,78.0,,,13,200.0,-3.89,55.587
6827,Awaiting Construction,105.6,,4.8,22,220.0,-4.082,55.421
6828,Operational,443.0,2024-09-01,,103,155.0,-1.208,60.339
6833,Application Submitted,50.0,,,12,149.9,-3.472,58.411
7150,Awaiting Construction,59.4,,,9,200.0,-4.551,55.279
7204,Awaiting Construction,38.4,,,8,180.0,-3.958,55.507
7213,Awaiting Construction,1.5,,,1,100.0,-6.599,54.248
7236,Awaiting Construction,2.5,,,1,110.0,-4.726,55.791
7261,Awaiting Construction,36.0,,,8,230.0,-3.998,55.556
7264,Revised,1.0,,,1,135.0,-2.915,57.48
7266,Revised,0.9,,0.9,1,67.0,-1.184,60.167
7271,Awaiting Construction,0.2,,,1,32.0,-6.845,54.566
7289,Awaiting Construction,0.3,,,1,55.0,-7.192,54.971
7300,Revised,4.0,,,2,100.0,-3.812,55.924
7304,Operational,4.7,2024-08-01,2.35,2,119.0,-2.608,57.572
7312,Operational,1.9,2021-09-01,,2,77.0,-2.271,53.002
7329,Awaiting Construction,0.5,,,1,53.0,-6.287,54.369
7340,Under Construction,50.4,,5.6,9,180.0,-4.737,54.994
7345,Awaiting Construction,48.0,,,10,149.9,-5.487,55.703
7346,Awaiting Construction,0.3,,,1,75.0,-6.562,54.306
7354,Awaiting Construction,0.5,,,1,100.0,-6.055,54.617
7367,Awaiting Construction,0.7,,,1,53.0,-6.581,54.442
7370,Awaiting Construction,4.2,,,1,150.0,-3.726,55.872
7376,Under Construction,3.0,,,2,150.0,-4.633,55.595
7387,Awaiting Construction,0.3,,,1,75.0,-7.573,54.406
7392,Awaiting Construction,0.2,,,1,75.0,-7.28,54.874
7394,Awaiting Construction,28.8,,,6,149.9,-3.018,59.005
7398,Awaiting Construction,49.0,,,9,200.0,-3.999,55.132
7402,Application Submitted,0.9,,,1,75.0,-6.504,54.358
7406,Awaiting Construction,46.8,,3.6,13,140.0,-6.844,54.929
7407,Awaiting Construction,0.3,,,1,78.0,-7.021,54.617
7415,Application Submitted,0.9,,,1,50.0,-5.717,54.5
7418,Application Submitted,0.9,,,1,50.0,-6.641,54.23
7422,Revised,4.0,,,2,100.0,-3.812,55.924
7429,Revised,33.6,,,8,130.0,-3.018,55.781
7436,Awaiting Construction,0.3,,,1,52.0,-5.686,54.616
7445,Awaiting Construction,0.3,,,1,100.0,-7.017,54.66
7450,Application Submitted,0.5,,,1,97.0,-6.779,54.751
7454,Application Submitted,525.0,,,75,250.0,-3.332,55.273
7456,Awaiting Construction,84.0,,,14,200.0,-3.871,55.559
7459,Application Submitted,27.0,,,9,139.0,-5.018,56.188
7473,Awaiting Construction,84.0,,,15,180.0,-4.662,57.251
7475,Awaiting Construction,76.0,,,18,200.0,-4.595,58.016
7476,Awaiting Construction,36.0,,,7,149.9,-4.288,57.766
7489,Awaiting Construction,28.0,,,7,137.0,-6.823,55.024
7491,Awaiting Construction,24.0,,,6,149.9,-6.934,54.891
7494,Awaiting Construction,0.3,,,1,55.0,-7.384,54.713
7495,Revised,0.3,,,1,52.0,-6.173,54.537
7504,Awaiting Construction,0.3,,,1,50.0,-7.583,54.439
7522,Application Submitted,0.3,,,1,76.0,-6.035,54.361
7524,Operational,4.2,2023-10-09,,1,150.0,-2.674,51.538
7530,Application Submitted,25.0,,,6,145.0,-6.736,54.759
7535,Revised,0.3,,,1,50.0,-6.695,55.131
7543,Awaiting Construction,20.0,,,5,137.0,-6.263,55.033
7544,Operational,0.2,,,1,40.0,-5.929,54.246
7545,Awaiting Construction,0.3,,0.3,1,55.0,-5.922,54.246
7560,Awaiting Construction,0.2,,,1,50.0,-7.103,54.563
7562,Operational,43.0,2021-10-01,,12,125.0,-4.179,55.275
7563,Awaiting Construction,0.2,,,1,42.0,-6.081,54.402
7582,Application Submitted,63.0,,,14,145.0,-3.264,55.719
7587,Awaiting Construction,80.0,,,14,180.0,-3.653,55.793
7588,Operational,2.3,2020-07-22,,1,99.0,-5.056,50.321
7592,Application Submitted,0.3,,,1,65.0,-6.491,54.434
7595,Under Construction,3.0,,,2,119.0,-1.841,57.566
7603,Awaiting Construction,0.3,,,1,52.0,-6.16,54.537
7612,Awaiting Construction,0.3,,,1,90.0,-8.017,54.451
7615,Awaiting Construction,0.3,,,1,70.0,-5.749,54.789
7627,Awaiting Construction,0.3,,,1,75.0,-7.572,54.375
7633,Awaiting Construction,0.3,,,1,75.0,-7.559,54.388
7635,Awaiting Construction,0.25,,,1,75.0,-7.561,54.719
7639,Awaiting Construction,0.5,,,1,45.0,-7.526,54.418
7640,Awaiting Construction,10.0,,,4,125.0,-6.723,54.93
7643,Awaiting Construction,0.2,,,1,50.0,-6.778,55.105
7644,Awaiting Construction,0.3,,,1,70.0,-6.823,54.414
7645,Awaiting Construction,0.3,,,1,70.0,-6.828,54.478
7647,Awaiting Construction,0.3,,,1,70.0,-7.222,54.632
7650,Awaiting Construction,1.0,,,1,67.0,-7.408,54.385
7651,Awaiting Construction,0.5,,,1,40.0,-7.104,54.478
7654,Awaiting Construction,38.4,,,8,150.0,-4.097,55.212
7664,Awaiting Construction,0.3,,,1,67.0,-6.66,54.198
7667,Application Submitted,0.3,,,1,75.0,-7.466,54.709
7672,Awaiting Construction,0.3,,,1,75.0,-6.276,54.385
7673,Application Submitted,0.3,,,1,75.0,-7.464,54.708
7679,Application Submitted,4.2,,,1,180.0,-3.933,55.687
7680,Awaiting Construction,0.3,,,1,45.0,-7.01,54.602
7682,Application Submitted,0.5,,,1,54.0,-7.592,54.385
7687,Revised,15.0,,,3,150.0,-4.358,55.714
7704,Awaiting Construction,85.0,,5.0,17,149.9,-3.395,52.413
7708,Operational,21.0,2025-04-01,,5,149.9,-3.714,58.528
7710,Awaiting Construction,67.2,,,16,149.9,-3.706,57.464
7711,Awaiting Construction,96.0,,,16,200.0,-4.344,58.12
7719,Awaiting Construction,0.3,,,1,52.0,-6.587,54.973
7762,Revised,0.9,,,1,78.0,-2.545,57.422
7768,Awaiting Construction,0.3,,,1,55.0,-6.219,54.866
7769,Awaiting Construction,10.0,,,2,149.9,-4.442,55.325
7777,Awaiting Construction,0.3,,,1,55.0,-7.55,54.42
7779,Awaiting Construction,0.3,,,1,55.0,-7.492,54.397
7784,Application Submitted,0.3,,,1,53.0,-6.576,54.866
7801,Application Submitted,0.2,,,1,55.0,-6.282,55.036
7805,Awaiting Construction,0.3,,,1,75.0,-7.747,54.407
7809,Awaiting Construction,0.2,,,1,65.0,-6.427,54.847
7833,Awaiting Construction,0.3,,,1,85.0,-7.472,54.421
7846,Revised,3.0,,,1,150.0,-4.129,55.626
7848,Awaiting Construction,49.9,,,9,200.0,-4.081,55.155
7868,Application Submitted,45.0,,,8,200.0,-3.609,55.07
7871,Awaiting Construction,67.2,,,12,180.0,-4.501,55.889
7873,Application Submitted,78.0,,,13,180.0,-5.378,55.816
7874,Application Submitted,86.0,,,13,200.0,-4.557,55.24
7877,Awaiting Construction,92.4,,,14,200.0,-4.681,55.355
7886,Awaiting Construction,24.0,,,5,170.0,-3.917,56.097
7891,Application Submitted,24.0,,,7,149.9,-4.045,55.034
7920,Awaiting Construction,0.3,,,1,67.0,-6.845,55.03
7931,Awaiting Construction,0.3,,,1,77.0,-6.47,55.112
7935,Awaiting Construction,0.3,,,1,67.0,-6.84,55.036
7952,Awaiting Construction,4.1,,,1,135.0,-4.837,50.363
7964,Awaiting Construction,0.3,,,1,46.0,-7.476,54.757
7991,Under Construction,8.4,,,2,150.0,-3.776,55.84
8000,Awaiting Construction,60.0,,5.0,12,200.0,-5.626,55.619
8001,Awaiting Construction,45.6,,,8,220.0,-3.986,55.472
8002,Application Submitted,48.0,,,8,180.0,-3.014,55.651
8003,Application Submitted,147.0,,,21,200.0,-3.589,55.538
8004,Awaiting Construction,138.6,,6.6,21,200.0,-2.988,57.353
8042,Awaiting Construction,0.3,,,1,75.0,-6.883,54.924
8046,Operational,0.2,2021-06-26,,3,35.0,-3.338,58.309
8057,Awaiting Construction,40.0,,,8,150.0,-4.609,57.922
8061,Awaiting Construction,50.0,,,10,149.9,-3.216,58.615
8074,Application Submitted,0.3,,,1,66.0,-7.495,54.762
8077,Awaiting Construction,0.2,,,1,66.0,-6.986,54.648
8083,Awaiting Construction,0.3,,,1,66.0,-6.594,54.079
8095,Application Submitted,0.3,,,1,73.0,-6.144,54.361
8106,Awaiting Construction,14.0,,,7,100.0,-7.096,54.489
8119,Revised,,,,9,200.0,-3.987,55.098
8126,Application Submitted,0.3,,,1,77.0,-7.042,54.56
8134,Awaiting Construction,4.1,,4.1,1,142.5,-3.417,58.402
8135,Awaiting Construction,0.3,,,1,67.0,-6.294,55.194
8138,Application Submitted,1.6,,,2,87.0,-2.095,57.421
8166,Application Submitted,0.2,,,1,50.0,-7.004,54.714
8194,Application Submitted,0.25,,,1,40.0,-6.309,55.177
8196,Application Submitted,4.5,,,2,125.0,-3.682,58.602
8200,Awaiting Construction,,,,1,63.5,-6.564,54.209
8224,Application Submitted,,,,1,78.0,-6.416,54.876
8231,Awaiting Construction,0.25,,,1,65.0,-6.722,54.606
8232,Awaiting Construction,0.25,,,1,65.0,-7.48,54.407
8236,Awaiting Construction,0.25,,,1,54.0,-7.353,54.217
8237,Awaiting Construction,0.25,,,1,77.0,-5.892,54.511
8252,Application Submitted,,,,1,,-3.234,51.803
8253,Awaiting Construction,,,,1,31.6,-2.797,53.598
8258,Awaiting Construction,0.25,,,1,77.0,-6.591,54.427
8262,Application Submitted,,,,,54.0,-6.615,54.315
8263,Awaiting Construction,,,,,73.0,-3.75,54.957
8266,Awaiting Construction,0.25,,,,77.0,-7.055,54.619
8273,Awaiting Construction,0.25,,,1,53.0,-6.007,54.638
8276,Application Submitted,0.25,,,1,77.0,-7.072,54.621
8277,Application Submitted,,,,1,54.0,-5.831,54.769
8279,Awaiting Construction,0.25,,,1,77.0,-6.569,54.358
8305,Awaiting Construction,24.0,,,5,149.9,-4.768,57.693
8344,Awaiting Construction,19.8,,,3,180.0,-3.607,55.801
8364,Awaiting Construction,84.0,,,14,185.0,-4.829,57.173
8376,Application Submitted,59.4,,,9,200.0,-2.804,55.795
8397,Awaiting Construction,28.8,,,6,149.9,-3.249,58.826
8400,Awaiting Construction,8.4,,,4,115.0,-4.789,54.877
8418,Awaiting Construction,67.2,,,14,149.9,-4.236,57.386
8422,Awaiting Construction,0.4,,,1,,-7.108,54.562
8431,Awaiting Construction,0.15,,,1,52.7,-6.407,54.805
8438,Awaiting Construction,,,,1,77.0,-3.234,51.724
8468,Under Construction,46.2,,,8,200.0,-3.13,57.446
8482,Application Submitted,85.0,,,13,200.0,-4.485,57.328
8490,Application Submitted,54.0,,6.0,9,149.9,-5.501,55.569
8492,Awaiting Construction,66.0,,6.6,10,251.0,-4.119,55.401
8534,Awaiting Construction,85.8,,6.6,13,200.0,-5.862,56.46
8535,Awaiting Construction,48.0,,,10,149.9,-4.165,58.509
8537,Revised,8.4,,,2,149.9,-6.432,57.47
8847,Awaiting Construction,14.4,,,4,180.0,-3.578,55.828
8867,Awaiting Construction,,,,1,77.9,-6.032,54.657
8868,Awaiting Construction,0.25,,0.25,1,77.0,-6.719,54.591
8869,Awaiting Construction,0.25,,,1,79.0,-7.516,54.764
8871,Application Submitted,,,,1,79.0,-6.908,55.026
8872,Awaiting Construction,,,,1,77.9,-6.134,54.367
8873,Awaiting Construction,0.25,,,1,92.0,-7.442,54.713
8874,Awaiting Construction,0.25,,,1,92.0,-7.442,54.713
8875,Awaiting Construction,0.25,,,1,71.0,-7.032,54.649
8876,Awaiting Construction,,,,1,77.9,-5.99,54.663
8877,Awaiting Construction,,,,1,77.0,-6.444,54.944
8884,Under Construction,49.9,,,10,200.0,-4.367,57.991
8909,Awaiting Construction,25.8,,,6,149.9,-3.508,55.818
8921,Application Submitted,350.0,,6.6,53,240.0,-2.939,55.343
8999,Awaiting Construction,222.0,,,37,180.0,-4.441,58.114
9017,Application Submitted,22.0,,,22,114.5,-4.38,50.627
9018,Application Submitted,34.0,,,8,180.0,-3.15,51.736
9031,Application Submitted,2.7,,,3,67.0,-1.227,60.046
9048,Awaiting Construction,70.0,,,14,149.9,-4.477,57.332
9161,Revised,34.0,,,8,180.0,-3.15,51.699
9252,Awaiting Construction,3.0,,,10,,0.006,51.502
9300,Application Submitted,28.8,,,6,149.9,-2.823,59.215
9313,Application Submitted,39.6,,6.6,6,180.0,-2.846,51.566
9317,Application Submitted,208.0,,,29,230.0,-3.76,55.384
9417,Awaiting Construction,66.6,,6.6,10,200.0,-5.011,57.12
9459,Awaiting Construction,10.2,,,3,250.0,-4.147,55.599
9468,Awaiting Construction,92.4,,6.6,14,200.0,-3.29,51.594
9499,Awaiting Construction,1.3,,,1,135.0,-4.809,50.366
9595,Awaiting Construction,0.25,,,1,,-7.363,54.185
9599,Awaiting Construction,0.15,,0.15,1,40.0,-6.502,54.766
9640,Awaiting Construction,43.2,,4.8,9,149.9,-4.427,58.063
9658,Revised,1.0,,,1,76.0,-2.256,57.333
9662,Application Submitted,49.5,,,11,149.9,-5.862,56.46
9663,Revised,1.5,,,1,100.0,-3.736,51.537
9669,Awaiting Construction,4.2,,4.2,1,124.75,-4.472,55.74
9675,Awaiting Construction,0.25,,,1,46.0,-6.257,54.998
9676,Application Submitted,,,,1,57.8,-6.775,54.348
9685,Awaiting Construction,2.0,,,2,99.5,-1.524,52.682
9705,Application Submitted,52.8,,,11,149.9,-3.556,58.589
9713,Awaiting Construction,0.25,,,1,46.0,-7.363,54.185
9725,Awaiting Construction,4.1,,4.1,1,135.0,-4.836,50.342
9727,Revised,12.6,,,3,149.9,-3.828,55.85
9757,Awaiting Construction,30.0,,4.2,7,180.0,-3.488,51.648
9864,Application Submitted,9.2,,,,,-3.044,56.562
9930,Awaiting Construction,54.0,,6.0,9,200.0,-4.513,55.336
9953,Application Submitted,75.0,,5.4,14,180.0,-2.968,55.733
9961,Application Submitted,54.6,,4.2,13,149.9,-3.041,51.665
9980,Application Submitted,59.4,,6.6,9,200.0,-3.459,52.951
10034,Awaiting Construction,28.0,,5.6,5,180.0,-3.208,51.754
10075,Application Submitted,105.6,,6.6,16,200.0,-2.944,57.525
10241,No Application Required,,,,1,,-3.658,50.226
10264,Awaiting Construction,36.0,,3.6,10,180.0,-4.342,55.372
10267,Awaiting Construction,37.8,,,9,150.0,-3.475,57.447
10304,Under Construction,14.4,,4.8,3,150.0,-4.988,51.712
10343,Awaiting Construction,,,,6,,-1.894,54.161
10468,Awaiting Construction,60.0,,5.0,12,180.0,-4.467,55.348
10537,Awaiting Construction,99.4,,6.6,15,230.0,-5.029,54.986
10539,Awaiting Construction,49.6,,6.2,8,200.0,-4.201,55.311
10585,Application Submitted,41.0,,6.83,6,180.0,-3.714,55.793
10591,Awaiting Construction,0.15,,0.15,1,41.6,-6.653,54.583
10656,Application Submitted,21.0,,4.2,5,149.9,-3.263,58.595
10660,Awaiting Construction,0.5,,0.5,1,77.0,-3.593,56.115
10708,Application Submitted,92.4,,8.4,11,200.0,-4.396,55.323
10713,Application Submitted,57.6,,7.2,8,200.0,-4.662,57.139
10715,Application Submitted,78.0,,6.0,13,230.0,-2.582,55.37
10734,Application Submitted,20.0,,6.66,3,180.0,-4.144,55.642
10774,Application Submitted,59.4,,6.6,,200.0,-4.482,57.125
10775,Application Submitted,55.2,,6.9,8,185.0,-3.375,57.559
10783,Awaiting Construction,0.22,,0.22,1,30.0,-5.137,51.931
10846,Application Submitted,9.6,,4.8,2,149.9,-3.36,58.542
10865,Awaiting Construction,108.0,,7.2,15,220.0,-2.563,55.816
10880,Awaiting Construction,4.2,,4.2,1,149.38,-0.244,53.952
10883,Application Submitted,26.4,,6.6,4,180.0,-3.271,59.121
10900,Awaiting Construction,1.0,,1.0,1,77.0,-3.462,56.384
10987,Application Submitted,,,,25,230.0,-3.001,55.151
10998,Awaiting Construction,31.5,,4.5,7,149.9,-3.888,57.385
10999,Application Submitted,126.0,,6.0,21,230.0,-3.068,55.117
11000,Application Submitted,310.2,,6.6,47,200.0,-6.411,57.354
11031,Revised,4.0,,2.0,2,100.0,-3.812,55.924
11032,Awaiting Construction,6.0,,3.0,2,150.0,-3.812,55.924
11065,Application Submitted,79.2,,6.6,12,200.0,-3.127,55.186
11082,Revised,14.4,,4.8,3,150.0,-4.739,55.633
11110,Application Submitted,70.0,,7.0,10,250.0,-4.453,55.924
11112,Awaiting Construction,56.0,,5.6,10,180.0,-3.986,55.326
11154,Application Submitted,21.0,,4.2,5,149.5,-6.398,57.354
11259,Operational,1.0,2017-03-01,0.5,2,77.0,-2.387,51.602
11270,Awaiting Construction,16.8,,4.2,4,150.0,-2.356,55.894
11298,Awaiting Construction,35.0,,5.8,6,200.0,-3.713,51.659
11336,Awaiting Construction,0.5,,0.5,1,68.0,-4.383,57.247
11350,Awaiting Construction,3.0,,1.0,3,99.5,-0.522,53.735
11357,Application Submitted,58.8,,4.5,13,149.9,-5.711,57.541
11376,Awaiting Construction,12.6,,4.2,3,149.9,-4.492,58.218
11427,Awaiting Construction,1.5,,,1,100.0,-3.736,51.537
11440,Application Submitted,7.6,,3.8,2,149.9,-4.059,55.68
11479,Application Submitted,47.6,,6.8,7,220.0,-3.304,58.471
11481,Awaiting Construction,34.0,,4.8,7,149.9,-3.945,56.098
11506,Awaiting Construction,0.25,,,1,61.0,-6.385,54.72
11608,Application Submitted,72.6,,6.6,11,200.0,-3.13,57.446
11652,Application Submitted,33.0,,6.6,5,200.0,-4.041,55.653
11667,Application Submitted,100.0,,4.5,22,200.0,-5.269,56.208
11669,Application Submitted,57.6,,4.8,12,149.9,-3.919,58.554
11670,Awaiting Construction,66.0,,6.6,10,250.0,-4.131,55.61
11706,Under Construction,1.0,,1.0,1,76.5,-2.558,56.648
11718,Application Submitted,58.8,,4.2,14,180.0,-6.027,54.968
11734,Awaiting Construction,0.25,,0.25,1,64.2,-0.519,54.152
11811,Application Submitted,36.0,,6.0,6,180.0,-4.002,55.347
11843,Application Submitted,33.6,,4.8,7,149.9,-5.25,56.42
11854,Application Submitted,,,,12,230.0,-3.207,57.527
11863,Application Submitted,36.0,,6.0,6,200.0,-2.465,55.798
11872,Awaiting Construction,165.0,,6.6,25,200.0,-6.547,58.042
11875,Application Submitted,59.4,,6.6,9,200.0,-6.104,57.148
11879,Application Submitted,1.0,,1.0,1,99.5,-4.593,55.434
11917,Awaiting Construction,28.0,,,6,180.0,-3.946,55.498
11936,Application Submitted,79.2,,6.6,12,230.0,-5.28,58.17
11980,Awaiting Construction,4.0,,4.0,1,119.0,-3.547,55.834
11996,Revised,1.3,,0.66,2,64.2,-0.519,54.152
12023,Application Submitted,20.0,,5.0,4,145.0,-3.152,51.666
12025,Application Submitted,105.6,,6.6,16,200.0,-2.496,57.114
12027,Application Submitted,105.6,,6.6,16,200.0,-4.487,58.1
12041,Awaiting Construction,11.4,,3.8,3,149.9,-4.131,55.61
12079,Awaiting Construction,21.6,,3.6,6,149.0,-3.948,55.373
12105,Awaiting Construction,,,,8,200.0,-4.263,55.213
12163,Application Submitted,45.0,,4.5,10,149.9,-6.472,57.399
12186,Application Submitted,,,,1,,-2.981,53.388
12265,Awaiting Construction,1.5,,1.5,1,100.0,0.388,52.77
12275,Under Construction,36.0,,6.0,6,250.0,-4.181,55.588
12278,Application Submitted,198.0,,,30,220.0,-3.262,52.258
12283,Application Submitted,85.8,,6.6,13,200.0,-3.187,55.652
12284,Application Submitted,130.0,,7.2,18,230.0,-3.87,55.558
12289,Application Submitted,136.0,,8.0,17,200.0,-2.64,55.874
12290,Awaiting Construction,72.6,,6.6,11,200.0,-4.619,57.955
12422,Application Submitted,19.8,,6.6,3,180.0,-3.764,55.886
12426,Application Submitted,5.0,,1.0,5,81.0,-4.075,55.121
12504,Awaiting Construction,1.0,,1.0,1,88.0,-2.293,57.6
12505,Awaiting Construction,1.32,,0.66,2,45.0,-0.486,54.13
12506,Application Submitted,4.2,,4.2,1,149.9,-3.73,55.884
12655,Awaiting Construction,,,,,,-1.553,55.143
12766,Application Submitted,33.0,,6.6,5,230.0,-5.028,54.904
12824,Application Submitted,129.6,,7.2,18,200.0,-3.49,56.397
12846,Awaiting Construction,1.0,,1.0,1,89.9,-0.73,53.884
12855,Application Submitted,50.4,,7.2,7,200.0,-3.488,55.478
12960,Awaiting Construction,3.6,,,4,76.0,-2.256,57.333
13002,Application Submitted,104.0,,8.6,12,180.0,-4.184,56.437
13097,Awaiting Construction,,,,2,99.99,-3.852,55.6
13132,Awaiting Construction,15.0,,5.0,3,149.9,-3.774,55.9
13151,Awaiting Construction,0.25,,0.25,1,66.0,-5.132,54.889
13175,Application Submitted,96.0,,6.3,15,200.0,-4.085,55.276
13176,Application Submitted,108.0,,6.0,18,180.0,-3.057,55.778
13237,Application Submitted,96.0,,6.86,14,200.0,-4.263,55.213
13249,Application Submitted,10.35,,3.45,3,149.0,-3.885,55.352
13393,Application Submitted,49.6,,6.2,8,220.0,-4.158,55.47
13407,Awaiting Construction,0.5,,0.5,1,76.0,-2.87,59.253
13412,Awaiting Construction,0.5,,0.5,1,76.0,-3.232,59.134
13444,Awaiting Construction,1.0,,1.0,1,75.0,-3.534,54.677
13473,Awaiting Construction,1.3,,0.66,2,64.2,-0.519,54.152
13538,Application Submitted,125.4,,6.6,19,220.0,-2.729,55.795
13540,Application Submitted,,,,1,77.0,-2.552,57.413
13569,Application Submitted,191.4,,6.6,29,200.0,-5.606,55.424
13602,Application Submitted,0.66,,0.66,1,68.5,-2.621,56.801
13624,Application Submitted,84.0,,7.0,12,220.0,-3.51,55.19
13625,Application Submitted,65.0,,5.0,13,149.9,-3.787,56.15
13637,Application Submitted,4.2,,4.2,1,149.9,-0.187,53.628
13638,Application Submitted,266.0,,7.18,37,250.0,-3.826,55.533
13646,Awaiting Construction,,,,9,200.0,-4.11,55.142
13660,Revised,,,,1,86.0,-4.166,55.693
13665,Awaiting Construction,,,,1,40.0,-6.275,55.001
13667,Awaiting Construction,,,,1,41.5,-7.22,54.546
13668,Awaiting Construction,0.85,,0.85,1,50.0,-6.317,54.802
13669,Application Submitted,28.8,,4.8,6,150.0,-6.857,54.937
13764,Awaiting Construction,0.66,,0.66,1,63.2,-0.36,54.144
13771,Revised,3.6,,3.6,1,150.0,-2.851,51.572
13805,Application Submitted,85.8,,6.6,13,180.0,-5.284,56.262
13824,Application Submitted,,,,2,200.0,-3.83,55.858
13991,Application Submitted,0.23,,0.23,1,,-7.414,54.832
13994,Awaiting Construction,0.66,,0.66,1,,-7.601,54.714
13995,Awaiting Construction,0.25,,0.25,1,,-7.544,54.738
13996,Application Submitted,0.6,,0.6,1,62.0,-6.04,54.569
14032,Awaiting Construction,0.33,,0.33,1,67.0,-5.163,54.932
14110,Awaiting Construction,0.22,,0.22,1,69.5,-3.258,58.319
14112,Awaiting Construction,0.66,,0.66,1,63.5,-6.682,54.584
14113,Application Submitted,50.4,,4.2,12,180.0,-6.247,54.997
14114,Awaiting Construction,0.85,,0.85,1,86.0,-7.702,54.453
14115,Awaiting Construction,0.25,,0.25,1,67.0,-7.283,54.772
14127,Application Submitted,,,,1,94.5,-6.79,54.756
14128,Application Submitted,,,,1,94.5,-6.79,54.756
14129,Application Submitted,,,,1,94.5,-6.79,54.756
14130,Application Submitted,0.85,,0.85,1,76.0,-6.067,54.375
14132,Awaiting Construction,2.0,,2.0,1,107.0,-7.486,54.592
14154,Application Submitted,24.0,,6.0,4,180.0,-2.288,55.867
14255,Awaiting Construction,1.0,,1.0,1,135.0,-2.915,57.48
14258,Application Submitted,6.2,,6.2,1,180.0,-0.934,51.853
14288,Application Submitted,84.6,,7.2,9,200.0,-4.688,57.613
14295,Application Submitted,100.0,,6.25,16,200.0,-4.711,55.211
14299,Application Submitted,86.4,,7.2,12,200.0,-5.473,56.412
14399,Application Submitted,7.2,,3.6,2,149.9,-3.41,58.289
14535,Application Submitted,476.6,,7.2,67,250.0,-3.253,57.322
14546,Application Submitted,92.4,,6.6,14,200.0,inf,inf
14548,Application Submitted,45.0,,7.5,6,200.0,-5.355,56.415
14594,Application Submitted,3.5,,3.5,1,150.0,-2.854,51.558
14744,Awaiting Construction,0.5,,0.5,1,86.0,-4.162,55.687
14745,Application Submitted,4.6,,2.3,2,125.0,-0.54,53.721
14746,Awaiting Construction,2.3,,2.3,1,119.0,-0.54,53.717
14761,Application Submitted,86.0,,6.6,13,200.0,-4.579,55.027
14764,Application Submitted,60.0,,6.6,9,180.0,-4.095,54.933
14768,Application Submitted,55.8,,6.2,9,200.0,-3.885,57.345
14770,Application Submitted,145.0,,6.6,22,200.0,-4.485,55.014
14796,Awaiting Construction,59.4,,6.6,9,200.0,inf,inf
14830,Application Submitted,0.6,,0.6,1,62.0,-4.623,52.036
14871,Awaiting Construction,9.6,,4.8,2,150.0,-4.739,55.633
14890,Revised,1.7,,0.85,2,81.0,-2.543,57.143
14919,Application Submitted,0.23,,0.23,1,30.0,-4.568,51.928
14958,Awaiting Construction,15.0,,5.0,3,149.9,-4.368,55.742
14997,Application Submitted,59.4,,6.6,9,180.0,-5.619,55.648
14999,Awaiting Construction,126.0,,7.0,18,180.0,-1.09,60.704
15044,Application Submitted,19.2,,4.8,4,149.9,-5.028,54.904
15099,Awaiting Construction,49.9,,4.5,11,149.9,-3.222,58.568
15125,Awaiting Construction,9.0,,4.5,2,200.0,-3.828,55.85
15144,Operational,8.4,2023-10-01,4.2,2,149.38,-3.844,55.775
15147,Awaiting Construction,2.3,,2.3,1,104.0,-3.584,56.302
15152,Application Submitted,8.8,,,1,119.0,-7.07,54.932
15204,Application Submitted,0.45,,0.45,1,77.0,-2.49,57.525
15210,Awaiting Construction,,,,1,50.0,-0.14,52.51
15275,Under Construction,4.3,,4.3,1,135.0,-4.824,50.35
15281,Awaiting Construction,,,,1,,-6.066,54.936
15299,Awaiting Construction,48.0,,6.0,8,,-3.6,56.225
15302,Awaiting Construction,0.33,,0.33,1,53.5,-2.296,57.669
15331,Awaiting Construction,1.0,,1.0,1,90.0,-3.975,55.887
15346,Application Submitted,,,,1,54.5,-5.753,54.456
15355,Application Submitted,0.5,,0.5,1,,-6.403,54.268
15365,Application Submitted,0.23,,0.23,1,,-7.401,54.741
15378,Application Submitted,0.25,,0.25,1,77.0,-7.691,54.666
15384,Application Submitted,,,,25,220.0,-4.156,56.448
15385,Application Submitted,130.0,,6.2,23,200.0,inf,inf
15407,Application Submitted,22.5,,4.5,5,150.0,-4.974,50.494
15412,Awaiting Construction,25.56,,4.26,6,150.0,-4.729,55.749
15422,Application Submitted,136.8,,7.2,19,200.0,-4.915,57.101
15438,Application Submitted,0.6,,0.6,1,,-7.183,54.954
15440,Revised,0.3,,0.3,1,77.0,-2.28,56.915
15445,Application Submitted,31.5,,4.5,7,149.9,-1.781,54.752
15463,Awaiting Construction,1.5,,1.5,1,,-0.633,51.894
15497,Revised,0.3,,0.3,1,77.0,-2.747,57.505
15535,Application Submitted,59.4,,6.6,9,200.0,-4.656,58.01
15542,Application Submitted,66.0,,6.6,10,200.0,-5.446,55.991
15584,Application Submitted,1.0,,1.0,1,88.0,-4.836,55.263
15654,Awaiting Construction,0.33,,0.33,1,87.0,-0.523,53.763
15662,Application Submitted,3.0,,3.0,1,99.91,-2.074,57.364
15784,Awaiting Construction,58.5,,4.5,13,180.0,-5.081,56.282
15787,Application Submitted,49.6,,6.2,8,200.0,-4.856,57.125
15795,Application Submitted,98.0,,7.0,14,200.0,-4.858,55.735
15822,Awaiting Construction,5.0,,5.0,1,149.9,-1.158,60.177
15874,Under Construction,1.0,,1.0,1,76.0,-2.553,56.886
15899,Awaiting Construction,0.23,,0.23,1,49.5,-4.712,50.484
15963,Application Submitted,187.2,,7.2,26,200.0,-4.003,57.342
15975,Application Submitted,0.9,,0.9,1,67.0,-4.703,50.588
16002,Application Submitted,0.95,,0.95,1,0.77,-3.508,54.461
16007,Revised,4.2,,4.2,1,150.0,-2.258,57.363
16025,Application Submitted,165.0,,7.5,22,200.0,-3.804,55.555
16077,Application Submitted,50.4,,7.2,7,200.0,-4.936,55.979
16083,Awaiting Construction,7.05,,2.35,3,100.0,-1.896,57.587
16105,Awaiting Construction,0.5,,0.5,1,100.0,-0.051,52.437
16176,Application Submitted,133.0,,7.0,19,230.0,-4.229,57.484
16273,Awaiting Construction,3.9,,1.3,3,75.0,-2.596,57.246
16317,Application Submitted,40.8,,4.5,9,149.9,-6.443,57.443
16333,Awaiting Construction,,,,1,85.0,-6.338,54.178
16336,Application Submitted,,,,1,85.0,-7.321,54.998
16347,Application Submitted,36.0,,4.5,8,200.0,-4.327,57.904
16349,Application Submitted,,,,,,-6.049,54.621
16353,Application Submitted,,,,,,-7.413,54.594
16359,Application Submitted,,,,1,125.0,-0.097,53.579
16387,Application Submitted,1.0,,1.0,1,115.0,-4.493,50.64
16391,Awaiting Construction,4.2,,4.2,1,149.9,-0.187,53.628
16396,Application Submitted,100.8,,7.2,14,200.0,-4.003,57.343
16433,Awaiting Construction,0.85,,0.85,1,91.0,-2.654,57.152
16450,Application Submitted,,,,,,-7.722,54.324
16453,Application Submitted,0.25,,0.25,1,40.0,-7.463,54.826
16476,Application Submitted,0.25,,0.25,1,40.0,-7.53,54.649
16547,Application Submitted,,,,,,-7.423,54.733
16567,Application Submitted,,,,3,180.0,-3.419,55.469
16568,Application Submitted,0.25,,0.25,1,50.0,-7.391,54.838
16578,Application Submitted,0.25,,,,,-7.463,54.826
16624,Application Submitted,1.0,,1.0,1,100.0,-0.725,52.445
16629,Awaiting Construction,,,,1,50.0,-6.247,54.997
16646,Application Submitted,8.8,,,1,66.0,-5.785,54.494
16651,Awaiting Construction,0.22,,0.22,1,48.0,-0.168,52.081
16660,Awaiting Construction,1.0,,1.0,1,76.5,-3.344,56.547
16663,Application Submitted,,,,2,149.9,-0.258,53.738
16692,Application Submitted,30.0,,2.5,12,200.0,-4.593,54.946
16693,Awaiting Construction,,,,1,28.5,-2.617,55.962
16709,Application Submitted,53.8,,6.7,8,200.0,-3.104,55.171
16714,Application Submitted,30.0,,6.0,5,200.0,-4.273,55.74
16751,Awaiting Construction,,,,3,86.0,-6.847,57.933
16784,Application Submitted,78.0,,6.0,13,180.0,-4.16,57.341
16792,Application Submitted,0.8,,0.8,1,84.0,-2.336,57.417
16795,Application Submitted,100.0,,5.0,20,149.9,-4.406,55.324
16862,Application Submitted,33.6,,5.6,6,250.0,-4.049,55.396
16878,Application Submitted,43.2,,7.2,6,200.0,-3.217,57.604
16929,Awaiting Construction,0.23,,0.23,1,,-1.265,54.716
16930,Application Submitted,79.2,,7.2,11,200.0,-5.122,57.969
16937,Application Submitted,108.5,,7.2,15,250.0,-4.399,58.024
16991,Application Submitted,30.0,,7.5,4,180.0,-3.936,56.118
17017,Application Submitted,22.5,,4.5,5,149.9,-4.181,55.36
17053,Application Submitted,,,,1,77.0,-3.191,54.166
17057,Revised,0.25,,0.25,1,50.0,-2.13,57.331
17098,Awaiting Construction,0.25,,0.25,1,76.0,-3.514,54.59
17099,Application Submitted,77.0,,7.0,11,250.0,-4.424,57.597
17112,Application Submitted,,,,1,81.0,-5.829,54.52
17113,Awaiting Construction,,,,1,64.0,-2.907,59.29
17116,Awaiting Construction,,,,1,,-6.174,54.782
17126,Awaiting Construction,0.5,,0.5,1,45.0,-6.577,55.123
17132,Awaiting Construction,4.1,,4.1,1,142.5,-3.417,58.402
17133,Awaiting Construction,4.1,,4.1,1,142.5,-3.417,58.402
17145,Application Submitted,,,,13,200.0,-4.248,57.696
17147,Application Submitted,144.0,,7.2,20,230.0,-4.508,57.47
17153,Application Submitted,93.6,,7.2,13,200.0,-2.93,55.376
17164,Application Submitted,,,,1,50.0,-7.391,54.838
17249,Application Submitted,7.0,,7.0,1,200.0,-4.646,55.586
17257,Application Submitted,0.6,,0.6,1,62.0,-6.249,54.423
17318,Application Submitted,0.6,,,1,,inf,inf
17336,Awaiting Construction,0.23,,,,76.0,-3.571,54.5
17368,Application Submitted,24.0,,4.8,5,150.0,-4.334,53.251
17370,Awaiting Construction,0.5,,0.5,1,49.5,-2.905,58.914
17379,Application Submitted,,,,,120.0,-2.143,57.318
17400,Awaiting Construction,0.22,,0.22,1,45.0,-2.64,56.257
17425,Application Submitted,,,,1,40.0,-6.811,54.453
17426,Application Submitted,,,,1,62.0,-6.181,54.428
17434,Awaiting Construction,,,,,,-2.972,58.962
17438,Application Submitted,191.0,,6.6,20,230.0,-4.546,57.956
17461,Application Submitted,,,,,,-7.0,54.598
17480,Application Submitted,30.4,,3.8,8,200.0,-3.342,51.602
17510,Application Submitted,9.6,,4.8,2,149.9,-1.274,60.457
17538,Application Submitted,0.9,,0.9,1,67.0,-2.799,55.898
17557,Application Submitted,120.0,,7.2,13,240.0,-3.659,55.333
17575,Application Submitted,28.8,,4.8,6,149.9,-4.645,57.355
17620,Application Submitted,2.0,,2.0,1,125.0,-2.408,51.178
17627,Application Submitted,16.8,,4.2,4,149.9,-6.855,55.069
17672,Awaiting Construction,99.9,,5.7,17,180.0,inf,inf
17689,Awaiting Construction,0.23,,0.23,1,67.0,-4.968,51.991
17698,Awaiting Construction,0.5,,0.5,1,55.0,-1.44,51.323
17712,Awaiting Construction,0.5,,0.5,1,77.0,-4.124,52.213
17715,Awaiting Construction,0.23,,0.23,1,75.0,-2.123,57.493
17721,Awaiting Construction,0.3,,0.3,1,75.0,-2.747,57.505
17723,Awaiting Construction,0.3,,0.3,1,75.0,-2.28,56.915
17774,Awaiting Construction,0.23,,0.23,1,76.0,-2.17,53.841
17799,Awaiting Construction,2.3,,2.3,1,100.0,-1.184,60.167
17821,Awaiting Construction,,,,2,54.0,-3.879,55.659
17825,Application Submitted,0.3,,,,,-7.499,54.808
17828,Awaiting Construction,1.0,,1.0,1,77.0,-5.135,50.167
17841,Awaiting Construction,0.25,,0.25,1,91.0,-0.142,52.511
17980,Application Submitted,2.5,,2.5,1,125.0,-2.766,53.528
18043,Awaiting Construction,0.23,,0.23,1,,-4.371,51.894
18071,Awaiting Construction,0.33,,0.33,1,74.0,-2.559,51.218
18076,Revised,0.22,,0.22,1,102.0,-4.491,51.964
18147,Application Submitted,,,,1,40.5,-6.786,54.551
18149,Awaiting Construction,1.0,,1.0,1,80.0,-2.991,52.481
18325,Application Submitted,,,,,,-3.317,58.312
18380,Application Submitted,,,,1,55.0,-6.652,54.947
18442,Application Submitted,,,,1,50.0,-7.554,54.716
18443,Application Submitted,,,,1,41.5,-7.597,54.382
18444,Application Submitted,,,,1,55.0,-7.378,54.488
18445,Application Submitted,0.2,,0.2,1,,-6.685,54.692
18456,Application Submitted,,,,1,76.0,-4.436,50.793
18494,Application Submitted,147.0,,7.0,21,250.0,-3.823,56.547
18507,Application Submitted,,,,1,,-7.574,54.726
18545,Application Submitted,2.0,,2.0,1,125.0,-2.257,50.755
18553,Application Submitted,,,,,,-7.839,54.333
18555,Application Submitted,0.23,,0.23,1,45.0,-2.601,57.629
18596,Application Submitted,,,,1,76.0,-6.314,55.184
18609,Awaiting Construction,0.23,,,2,,-0.408,54.054
18627,Application Submitted,,,,1,,-6.173,54.85
18628,Application Submitted,,,,1,,-7.8,54.346
18629,Application Submitted,,,,1,,-7.369,54.616
18631,Awaiting Construction,,,,2,125.0,-2.386,51.485
18659,Awaiting Construction,0.45,,0.23,2,46.0,-0.881,53.891
18712,Application Submitted,2.0,,2.0,1,100.0,-3.128,58.938
18754,Application Submitted,24.0,,8.0,3,180.0,-2.288,55.867
18760,Awaiting Construction,,,,1,54.5,-0.411,54.055
18774,Application Submitted,,,,1,76.0,-4.794,51.685
18792,Awaiting Construction,0.45,,0.25,2,46.0,-0.433,54.077
18796,Application Submitted,4.2,,4.2,1,108.7,-2.625,53.653
18814,Application Submitted,2.3,,2.3,1,140.0,-1.531,54.723
18828,Awaiting Construction,0.2,,0.2,1,49.5,-2.207,55.881
18882,Application Submitted,1.0,,1.0,1,100.0,-2.171,57.513
18893,Awaiting Construction,8.52,,4.26,2,149.9,-3.48,58.47
18910,Application Submitted,14.4,,4.8,3,149.9,-2.66,57.404
18979,Awaiting Construction,0.5,,0.5,1,74.0,-0.052,52.435
18994,Awaiting Construction,0.22,,0.22,1,64.0,-4.491,51.964
19129,Awaiting Construction,0.23,,0.23,1,46.0,-0.345,54.073
19173,Application Submitted,85.0,,,,,-3.207,57.527
19258,Application Submitted,24.0,,4.8,5,180.0,-2.757,59.213
19273,Application Submitted,0.85,,0.85,1,,-6.461,54.341
19294,Application Submitted,,,,1,81.15,-6.968,54.651
19384,Application Submitted,0.3,,0.3,1,,-7.119,54.895
19396,Application Submitted,,,,1,90.0,0.574,52.118
19399,Application Submitted,4.26,,4.26,1,149.9,-1.203,54.645
19400,Application Submitted,,,,1,,-6.071,54.404
19465,Application Submitted,19.96,,4.99,4,180.0,-3.78,55.848
19479,Awaiting Construction,0.25,,0.25,1,45.0,-0.479,54.105
19480,Awaiting Construction,0.25,,0.25,1,45.0,-0.626,54.054
19493,Application Submitted,64.8,,,,,-5.692,55.58
19511,Application Submitted,4.26,,4.26,1,149.9,-3.388,58.556
19514,Application Submitted,,,,1,35.5,-6.784,54.794
19535,Application Submitted,34.0,,,7,180.0,-3.15,51.699
19577,Application Submitted,72.0,,7.2,10,230.0,-2.508,55.883
19667,Awaiting Construction,0.25,,0.25,1,55.0,-0.613,53.923
19715,Awaiting Construction,250.0,,125.0,2,45.0,-0.417,54.085
19749,Application Submitted,1.0,,1.0,1,67.0,-2.13,57.331
19775,Application Submitted,1.0,,1.0,1,100.0,-0.727,52.443
19788,Awaiting Construction,0.25,,,1,45.0,-0.633,53.862
19819,Application Submitted,0.85,,0.43,2,86.0,-1.271,52.619
19840,Application Submitted,0.75,,0.25,3,45.0,-4.273,52.991
19861,Application Submitted,0.15,,0.15,1,30.0,-5.568,54.56
19866,Awaiting Construction,0.25,,0.25,1,45.0,-0.314,54.15
19873,Application Submitted,0.23,,0.23,1,31.5,-0.341,54.215
19930,Application Submitted,0.23,,0.23,1,,-5.676,50.07
19939,Awaiting Construction,0.22,,0.22,1,46.0,-0.882,53.29
19946,Application Submitted,0.45,,0.23,2,101.5,-3.615,51.548
19950,Application Submitted,0.22,,0.22,1,43.5,-3.932,54.799
19956,Awaiting Construction,0.23,,,,,-0.469,54.162
19960,Application Submitted,,,,,,-6.014,54.303
19968,Awaiting Construction,0.5,,0.23,2,46.0,-0.479,54.105
19969,Awaiting Construction,0.5,,0.23,2,46.0,-0.521,54.066
19990,Application Submitted,,,,1,77.0,-3.482,52.655
19994,Awaiting Construction,0.23,,0.23,1,46.0,-0.636,53.846
20027,Awaiting Construction,0.25,,0.25,1,,-7.414,54.832
20030,Awaiting Construction,0.25,,0.25,1,40.0,-0.147,53.856
20039,Application Submitted,0.25,,0.25,1,,-0.525,54.134
20049,Awaiting Construction,0.25,,0.25,1,45.0,-0.361,54.097
20111,Awaiting Construction,0.5,,0.5,1,59.9,-0.445,54.022
20169,Application Submitted,,,,1,100.0,0.859,51.676
20185,Application Submitted,,,,1,149.0,-0.656,53.612
20216,Application Submitted,4.2,,4.2,1,149.0,-2.258,57.363
20271,Awaiting Construction,,,,,,-5.857,54.358
20276,Application Submitted,0.22,,0.22,1,,-0.526,54.108
20293,Application Submitted,0.22,,0.22,1,46.0,-0.203,53.96
20353,Application Submitted,0.25,,,,,0.318,52.78
20354,Application Submitted,0.23,,,,,-4.318,51.75
20380,Application Submitted,0.25,,0.25,1,55.0,-0.106,53.763
20387,No Application Required,13.2,,6.6,2,180.0,-3.328,58.347
20425,Application Submitted,0.22,,0.22,1,46.0,-0.769,53.241
20441,Application Submitted,4.3,,4.3,1,134.0,-4.816,50.359
20454,Application Submitted,0.25,,0.25,1,55.0,-0.074,53.763
20515,Application Submitted,,,,2,135.0,-4.83,50.384
20523,Application Submitted,0.25,,0.25,1,45.0,-3.372,54.818
20539,Application Submitted,0.25,,0.25,1,59.0,-7.341,54.793
20547,Application Submitted,,,,1,46.0,-3.64,52.435
20549,Application Submitted,1.6,,0.8,2,76.5,-2.543,57.143
20551,Application Submitted,4.8,,4.8,1,149.9,-4.427,58.063
20565,Application Submitted,,,,1,46.0,-6.753,55.078
20566,Application Submitted,,,,1,76.5,-6.845,54.373
20622,Application Submitted,10.0,,5.0,2,107.0,-1.348,60.389
20651,Application Submitted,49.9,,,6,200.0,-4.186,55.394
