"datetime","36.6697,-102.1565","36.6239,-102.5927","36.5766,-103.0273","36.5579,-100.1523","36.5193,-100.5936","36.4791,-101.0335","36.4374,-101.4721","36.3942,-101.9094","36.3495,-102.3453","36.3033,-102.7797","36.2764,-99.9074","36.2556,-103.2126","36.2389,-100.3482","36.1998,-100.7878","36.1592,-101.2261","36.1171,-101.6630","36.0734,-102.0986","36.0283,-102.5328","35.9818,-102.9655","35.9569,-100.1037","35.9189,-100.5429","35.8794,-100.9808","35.8383,-101.4175","35.7958,-101.8528","35.7518,-102.2867","35.7063,-102.7192","35.6734,-99.8600","35.6594,-103.1502","35.6364,-100.2988","35.5980,-100.7363","35.5580,-101.1726","35.5165,-101.6076","35.4736,-102.0413","35.4293,-102.4735","35.3835,-102.9044","35.3524,-100.0555","35.3150,-100.4927","35.2761,-100.9286","35.2357,-101.3633","35.1939,-101.7966","35.1506,-102.2286","35.1059,-102.6592","35.0668,-99.8130","35.0598,-103.0884","35.0305,-100.2498","34.9927,-100.6854","34.9534,-101.1197","34.9126,-101.5528","34.8704,-101.9845","34.8268,-102.4148","34.7818,-102.8437","34.7445,-100.0077","34.7077,-100.4429","34.6695,-100.8769","34.6298,-101.3096","34.5887,-101.7411","34.5461,-102.1711","34.5022,-102.5998","34.4911,-99.3305","34.4569,-99.7665","34.4568,-103.0271","34.4212,-100.2013","34.3841,-100.6349","34.3454,-101.0673","34.3054,-101.4984","34.2639,-101.9282","34.2630,-98.2164","34.2328,-98.6540","34.2210,-102.3566","34.2011,-99.0905","34.1768,-102.7837","34.1679,-99.5260","34.1333,-99.9604","34.1311,-103.2093","34.0971,-100.3936","34.0596,-100.8257","34.0478,-96.6617","34.0232,-97.1014","34.0206,-101.2565","33.9970,-97.5403","33.9802,-101.6860","33.9694,-97.9783","33.9402,-98.4153","33.9384,-102.1142","33.9096,-98.8514","33.8952,-102.5410","33.8774,-99.2864","33.8506,-102.9664","33.8438,-99.7204","33.8290,-94.6627","33.8115,-95.1046","33.8087,-100.1532","33.7925,-95.5458","33.7722,-100.5849","33.7719,-95.9863","33.7498,-96.4262","33.7343,-101.0153","33.7262,-96.8653","33.7011,-97.3035","33.6950,-101.4445","33.6744,-97.7410","33.6542,-101.8724","33.6462,-98.1775","33.6166,-98.6130","33.6121,-102.2990","33.5855,-99.0476","33.5686,-102.7242","33.5529,-99.4811","33.5408,-93.9894","33.5258,-94.4310","33.5238,-103.1479","33.5189,-99.9135","33.5093,-94.8721","33.4912,-95.3126","33.4834,-100.3448","33.4716,-95.7524","33.4505,-96.1916","33.4465,-100.7749","33.4278,-96.6300","33.4082,-101.2038","33.4037,-97.0677","33.3780,-97.5046","33.3686,-101.6314","33.3509,-97.9405","33.3275,-102.0577","33.3222,-98.3756","33.2921,-98.8096","33.2851,-102.4827","33.2606,-99.2427","33.2413,-102.9062","33.2276,-99.6747","33.2214,-94.2003","33.2058,-94.6405","33.1932,-100.1056","33.1887,-95.0803","33.1700,-95.5194","33.1573,-100.5353","33.1498,-95.9579","33.1281,-96.3957","33.1201,-100.9638","33.1049,-96.8328","33.0814,-101.3911","33.0803,-97.2690","33.0541,-97.7044","33.0414,-101.8172","33.0265,-98.1389","33.0001,-102.2419","32.9974,-98.5725","32.9668,-99.0051","32.9574,-102.6652","32.9349,-99.4366","32.9157,-93.9705","32.9134,-103.0871","32.9015,-99.8671","32.9010,-94.4100","32.8848,-94.8490","32.8671,-95.2874","32.8667,-100.2965","32.8478,-95.7252","32.8305,-100.7246","32.8271,-96.1623","32.8049,-96.5987","32.7929,-101.1516","32.7811,-97.0344","32.7560,-97.4692","32.7539,-101.5773","32.7293,-97.9032","32.7136,-102.0018","32.7012,-98.3362","32.6720,-102.4249","32.6717,-98.7683","32.6407,-99.1994","32.6291,-102.8466","32.6084,-99.6294","32.5949,-94.1804","32.5848,-103.2669","32.5796,-94.6186","32.5746,-100.0584","32.5628,-95.0563","32.5445,-95.4934","32.5394,-100.4862","32.5247,-95.9298","32.5034,-96.3656","32.5029,-100.9128","32.4807,-96.8006","32.4650,-101.3383","32.4565,-97.2348","32.4308,-97.6682","32.4257,-101.7624","32.4037,-98.1008","32.3851,-102.1853","32.3752,-98.5323","32.3452,-98.9630","32.3433,-102.6068","32.3139,-99.3926","32.3001,-103.0269","32.2876,-93.9517","32.2811,-99.8211","32.2732,-94.3891","32.2573,-94.8261","32.2470,-100.2485","32.2399,-95.2624","32.2211,-95.6982","32.2115,-100.6748","32.2007,-96.1333","32.1861,-106.5743","32.1790,-96.5677","32.1746,-101.0999","32.1629,-104.2786","32.1557,-97.0013","32.1364,-101.5238","32.1310,-97.4342","32.1147,-104.6928","32.1049,-97.8661","32.0969,-101.9464","32.0773,-98.2972","32.0653,-105.1055","32.0560,-102.3676","32.0484,-98.7274","32.0180,-99.1565","32.0147,-105.5165","32.0139,-102.7875","31.9863,-99.5846","31.9791,-93.7240","31.9705,-103.2061","31.9656,-94.1606","31.9629,-105.9260","31.9531,-100.0117","31.9506,-94.5968","31.9341,-95.0325","31.9258,-103.6232","31.9187,-100.4376","31.9162,-95.4675","31.9100,-106.3337","31.8968,-95.9019","31.8828,-100.8623","31.8799,-104.0388","31.8759,-96.3357","31.8559,-106.7398","31.8536,-96.7687","31.8457,-101.2859","31.8328,-104.4529","31.8299,-97.2009","31.8072,-101.7082","31.8047,-97.6324","31.7844,-104.8655","31.7782,-98.0629","31.7674,-102.1292","31.7502,-98.4926","31.7349,-105.2765","31.7263,-102.5489","31.7208,-98.9212","31.6901,-99.3489","31.6842,-105.6859","31.6840,-102.9672","31.6580,-99.7755","31.6568,-93.9331","31.6427,-94.3685","31.6404,-103.3841","31.6324,-106.0937","31.6271,-94.8034","31.6245,-100.2011","31.6101,-95.2377","31.5955,-103.7996","31.5916,-95.6715","31.5897,-100.6255","31.5794,-106.4998","31.5716,-96.1046","31.5535,-101.0487","31.5503,-96.5370","31.5494,-104.2136","31.5275,-96.9686","31.5161,-101.4707","31.5033,-97.3994","31.5022,-104.6261","31.4777,-97.8295","31.4773,-101.8914","31.4537,-105.0371","31.4507,-98.2586","31.4373,-102.3109","31.4223,-98.6868","31.4041,-105.4464","31.3960,-102.7290","31.3926,-99.1140","31.3614,-99.5402","31.3535,-103.1457","31.3533,-105.8542","31.3468,-93.7065","31.3335,-94.1411","31.3290,-99.9653","31.3189,-94.5753","31.3097,-103.5611","31.3027,-95.0089","31.3014,-106.2603","31.2952,-100.3894","31.2851,-95.4419","31.2661,-95.8743","31.2647,-103.9749","31.2601,-100.8122","31.2457,-96.3061","31.2238,-96.7371","31.2236,-101.2339","31.2184,-104.3873","31.2006,-97.1674","31.1859,-101.6544","31.1759,-97.5968","31.1711,-104.7982","31.1499,-98.0254","31.1469,-102.0736","31.1225,-98.4531","31.1225,-105.2076","31.1067,-102.4915","31.0937,-98.8799","31.0728,-105.6153","31.0652,-102.9080","31.0636,-99.3056","31.0356,-93.4808","31.0321,-99.7304","31.0233,-93.9147","31.0224,-103.3232","31.0094,-94.3480","30.9993,-100.1540","30.9942,-94.7809","30.9785,-103.7369","30.9775,-95.2133","30.9652,-100.5765","30.9594,-95.6450","30.9399,-96.0761","30.9333,-104.1492","30.9298,-100.9979","30.9190,-96.5065","30.8966,-96.9362","30.8931,-101.4181","30.8870,-104.5600","30.8729,-97.3651","30.8552,-101.8370","30.8479,-97.7931","30.8395,-104.9693","30.8214,-98.2203","30.8159,-102.2546","30.7936,-98.6466","30.7908,-105.3770","30.7755,-102.6710","30.7645,-99.0719","30.7340,-99.4962","30.7338,-103.0860","30.7119,-93.6892","30.7022,-99.9194","30.6989,-94.1218","30.6909,-103.4995","30.6845,-94.5539","30.6691,-100.3416","30.6687,-94.9855","30.6515,-95.4166","30.6468,-103.9117","30.6347,-100.7626","30.6329,-95.8470","30.6129,-96.2768","30.6015,-104.3224","30.5990,-101.1825","30.5915,-96.7058","30.5687,-97.1341","30.5621,-101.6011","30.5551,-104.7316","30.5446,-97.5616","30.5239,-102.0185","30.5191,-97.9883","30.5075,-105.1392","30.4923,-98.4141","30.4845,-102.4346","30.4641,-98.8389","30.4438,-102.8494","30.4346,-99.2628","30.4038,-99.6856","30.4019,-103.2628","30.3872,-93.8964","30.3737,-94.3278","30.3717,-100.1074","30.3589,-103.6748","30.3588,-94.7587","30.3424,-95.1890","30.3383,-100.5281","30.3247,-95.6188","30.3147,-104.0854","30.3056,-96.0479","30.3036,-100.9476","30.2851,-96.4763","30.2693,-104.4945","30.2677,-101.3659","30.2633,-96.9040","30.2401,-97.3310","30.2305,-101.7831","30.2228,-104.9021","30.2156,-97.7571","30.1921,-102.1989","30.1897,-98.1824","30.1625,-98.6067","30.1525,-102.6135","30.1339,-99.0302","30.1116,-103.0267","30.1041,-99.4526","30.0745,-93.6720","30.0730,-99.8740","30.0696,-103.4385","30.0618,-94.1026","30.0477,-94.5327","30.0406,-100.2943","30.0323,-94.9624","30.0265,-103.8490","30.0154,-95.3914","30.0069,-100.7134","29.9972,-95.8199","29.9821,-104.2580","29.9776,-96.2477","29.9720,-101.1315","29.9567,-96.6748","29.9367,-104.6655","29.9358,-101.5483","29.9344,-97.1012","29.9108,-97.5268","29.8984,-101.9639","29.8859,-97.9515","29.8598,-102.3783","29.8596,-98.3754","29.8320,-98.7983","29.8200,-102.7913","29.8032,-99.2203","29.7791,-103.2029","29.7730,-99.6413","29.7488,-93.8783","29.7416,-100.0612","29.7369,-103.6132","29.7356,-94.3077","29.7210,-94.7366","29.7089,-100.4800","29.7050,-95.1650","29.6936,-104.0221","29.6877,-95.5928","29.6750,-100.8977","29.6690,-96.0199","29.6492,-104.4295","29.6490,-96.4464","29.6398,-101.3143","29.6276,-96.8722","29.6049,-97.2972","29.5809,-97.7214","29.5556,-98.1448","29.5289,-98.5673","29.5271,-102.5565","29.5010,-98.9888","29.4872,-102.9680","29.4719,-99.4094","29.4460,-103.3781","29.4414,-99.8289","29.4097,-100.2474","29.4086,-94.5118","29.4038,-103.7868","29.3935,-94.9394","29.3770,-95.3665","29.3768,-100.6647","29.3604,-104.1941","29.3592,-95.7931","29.3426,-101.0809","29.3401,-96.2189","29.3196,-96.6441","29.2978,-97.0685","29.2747,-97.4922","29.2504,-97.9150","29.2247,-98.3370","29.1977,-98.7581","29.1940,-102.7337","29.1695,-99.1782","29.1539,-103.1436","29.1400,-99.5973","29.1127,-103.5522","29.1093,-100.0154","29.0773,-100.4324","29.0653,-95.1412","29.0484,-95.5670","29.0442,-100.8483","29.0301,-95.9922","29.0106,-96.4168","28.9897,-96.8407","28.9675,-97.2638","28.9440,-97.6861","28.9193,-98.1076","28.8932,-98.5282","28.8660,-98.9478","28.8374,-99.3665","28.8077,-99.7842","28.7767,-100.2009","28.7445,-100.6164","28.7365,-95.3419","28.7191,-95.7664","28.7004,-96.1904","28.6804,-96.6136","28.6591,-97.0362","28.6366,-97.4580","28.6127,-97.8789","28.5876,-98.2990","28.5613,-98.7182","28.5337,-99.1365","28.5049,-99.5538","28.4749,-99.9701","28.4436,-100.3853","28.3701,-96.3875","28.3497,-96.8094","28.3280,-97.2306","28.3051,-97.6511","28.2809,-98.0707","28.2555,-98.4894","28.2288,-98.9072","28.2010,-99.3241","28.1719,-99.7400","28.1416,-100.1548","28.0392,-96.5835","28.0184,-97.0041","27.9964,-97.4240","27.9731,-97.8431","27.9486,-98.2614","27.9229,-98.6787","27.8959,-99.0952","27.8678,-99.5106","27.8385,-99.9251","27.6866,-97.1978","27.6642,-97.6163","27.6406,-98.0341","27.6158,-98.4510","27.5898,-98.8670","27.5626,-99.2820","27.5342,-99.6961","27.3544,-97.3904","27.3317,-97.8076","27.3077,-98.2240","27.2826,-98.6396","27.2564,-99.0542","27.2289,-99.4678","27.0216,-97.5819","26.9986,-97.9979","26.9744,-98.4129","26.9491,-98.8271","26.9225,-99.2403","26.7107,-97.3571","26.6885,-97.7725","26.6652,-98.1870","26.6407,-98.6008","26.6151,-99.0136","26.3987,-97.1330","26.3775,-97.5478","26.3550,-97.9619","26.3314,-98.3752","26.3067,-98.7876","26.0655,-97.3240","26.0439,-97.7376","26.0212,-98.1504","25.7318,-97.5141"
1483228800,38,42,45,21,24,28,31,36,40,43,20,46,22,25,29,33,37,41,44,21,23,27,30,34,38,41,20,44,22,25,28,32,36,40,42,21,23,26,30,34,37,41,18,44,22,24,27,31,35,39,42,19,22,25,28,33,36,40,14,16,44,19,23,26,29,33,7,9,37,12,40,14,17,44,20,24,3,3,27,4,30,6,7,34,10,37,12,41,14,0,1,17,1,21,1,2,25,3,3,28,4,31,6,8,34,10,38,12,0,0,44,15,0,1,18,1,1,22,2,25,3,3,29,5,31,6,8,35,10,38,13,0,0,15,0,1,18,1,1,22,2,26,3,4,29,5,32,6,8,35,11,0,40,13,0,0,0,16,1,19,1,1,22,2,3,26,4,29,5,32,7,9,37,11,0,39,0,14,0,0,16,1,1,19,2,23,2,3,26,4,30,5,7,33,9,36,0,11,0,0,14,0,1,16,1,72,1,20,46,2,23,2,51,3,27,4,57,31,6,7,62,33,9,0,36,0,67,11,0,0,38,14,0,71,1,17,42,1,73,1,20,47,2,23,3,52,3,27,5,57,31,6,7,62,33,9,0,0,35,67,0,12,0,38,0,14,74,1,17,1,42,1,20,2,47,3,23,53,4,27,5,58,30,6,8,32,63,0,0,10,0,34,0,68,12,0,0,38,14,1,1,17,43,2,20,2,47,3,23,4,53,27,5,58,30,7,0,8,0,32,0,10,0,35,0,12,0,0,39,15,1,1,17,44,2,20,2,48,3,24,4,53,27,6,7,30,0,9,0,32,0,11,0,0,35,13,0,1,39,15,1,1,17,43,2,20,3,48,4,24,5,27,6,8,31,0,0,9,33,0,0,11,0,36,0,13,1,39,15,1,1,18,44,2,21,3,4,24,5,28,6,0,8,31,0,0,10,0,36,0,11,0,37,1,13,1,40,15,1,2,19,2,22,3,4,25,5,28,6,0,8,32,0,0,10,0,37,0,11,0,39,1,13,1,1,2,2,3,24,4,26,5,29,7,8,0,33,0,0,10,37,0,12,0,1,1,1,2,3,3,24,4,26,6,29,7,9,0,0,10,0,1,1,1,1,2,3,4,5,6,7,9,0,0,0,1,1,1,2,2,3,4,5,6,8,0,1,1,1,2,2,3,4,5,7,1,1,1,1,2,3,3,4,6,1,1,1,2,3,4,5,1,1,1,2,3,4,1,1,2,2,3,1,1,1,2,3,1,1,1,2,2,1,1,1,1
1483232400,0,0,0,0,0,0,0,0,0,0,0,0,0,0,0,0,0,0,0,0,0,0,0,0,0,0,0,0,0,0,0,0,0,0,0,0,0,0,0,0,0,0,0,0,0,0,0,0,0,0,0,0,0,0,0,0,0,0,0,0,0,0,0,0,0,0,0,0,0,0,0,0,0,0,0,0,0,0,0,0,0,0,0,0,0,0,0,0,0,0,0,0,0,0,0,0,0,0,0,0,0,0,0,0,0,0,0,0,0,0,0,0,0,0,0,0,0,0,0,0,0,0,0,0,0,0,0,0,0,0,0,0,0,0,0,0,0,0,0,0,0,0,0,0,0,0,0,0,0,0,0,0,0,0,0,0,0,0,0,0,0,0,0,0,0,0,0,0,0,0,0,0,0,0,0,0,0,0,0,0,0,0,0,0,0,0,0,0,0,0,0,0,0,0,0,0,0,0,0,0,0,0,0,0,0,0,0,0,0,0,0,0,0,0,0,0,0,0,0,0,0,0,0,0,0,0,0,0,0,0,0,0,0,0,0,0,0,0,0,0,0,0,0,0,0,0,0,0,0,0,0,0,0,0,0,0,0,0,0,0,0,0,0,0,0,0,0,0,0,0,0,0,0,0,0,0,0,0,0,0,0,0,0,0,0,0,0,0,0,0,0,0,0,0,0,0,0,0,0,0,0,0,0,0,0,0,0,0,0,0,0,0,0,0,0,0,0,0,0,0,0,0,0,0,0,0,0,0,0,0,0,0,0,0,0,0,0,0,0,0,0,0,0,0,0,0,0,0,0,0,0,0,0,0,0,0,0,0,0,0,0,0,0,0,0,0,0,0,0,0,0,0,0,0,0,0,0,0,0,0,0,0,0,0,0,0,0,0,0,0,0,0,0,0,0,0,0,0,0,0,0,0,0,0,0,0,0,0,0,0,0,0,0,0,0,0,0,0,0,0,0,0,0,0,0,0,0,0,0,0,0,0,0,0,0,0,0,0,0,0,0,0,0,0,0,0,0,0,0,0,0,0,0,0,0,0,0,0,0,0,0,0,0,0,0,0,0,0,0,0,0,0,0,0,0,0,0,0,0,0,0,0,0,0,0,0,0,0,0,0,0,0,0,0,0,0,0,0,0,0,0,0,0,0,0,0,0,0,0,0,0,0,0,0,0,0,0,0,0,0,0,0,0,0,0,0,0,0,0,0,0,0,0,0,0,0,0,0,0,0,0,0,0,0,0,0,0,0,0,0,0,0,0,0,0,0
1483236000,0,0,0,0,0,0,0,0,0,0,0,0,0,0,0,0,0,0,0,0,0,0,0,0,0,0,0,0,0,0,0,0,0,0,0,0,0,0,0,0,0,0,0,0,0,0,0,0,0,0,0,0,0,0,0,0,0,0,0,0,0,0,0,0,0,0,0,0,0,0,0,0,0,0,0,0,0,0,0,0,0,0,0,0,0,0,0,0,0,0,0,0,0,0,0,0,0,0,0,0,0,0,0,0,0,0,0,0,0,0,0,0,0,0,0,0,0,0,0,0,0,0,0,0,0,0,0,0,0,0,0,0,0,0,0,0,0,0,0,0,0,0,0,0,0,0,0,0,0,0,0,0,0,0,0,0,0,0,0,0,0,0,0,0,0,0,0,0,0,0,0,0,0,0,0,0,0,0,0,0,0,0,0,0,0,0,0,0,0,0,0,0,0,0,0,0,0,0,0,0,0,0,0,0,0,0,0,0,0,0,0,0,0,0,0,0,0,0,0,0,0,0,0,0,0,0,0,0,0,0,0,0,0,0,0,0,0,0,0,0,0,0,0,0,0,0,0,0,0,0,0,0,0,0,0,0,0,0,0,0,0,0,0,0,0,0,0,0,0,0,0,0,0,0,0,0,0,0,0,0,0,0,0,0,0,0,0,0,0,0,0,0,0,0,0,0,0,0,0,0,0,0,0,0,0,0,0,0,0,0,0,0,0,0,0,0,0,0,0,0,0,0,0,0,0,0,0,0,0,0,0,0,0,0,0,0,0,0,0,0,0,0,0,0,0,0,0,0,0,0,0,0,0,0,0,0,0,0,0,0,0,0,0,0,0,0,0,0,0,0,0,0,0,0,0,0,0,0,0,0,0,0,0,0,0,0,0,0,0,0,0,0,0,0,0,0,0,0,0,0,0,0,0,0,0,0,0,0,0,0,0,0,0,0,0,0,0,0,0,0,0,0,0,0,0,0,0,0,0,0,0,0,0,0,0,0,0,0,0,0,0,0,0,0,0,0,0,0,0,0,0,0,0,0,0,0,0,0,0,0,0,0,0,0,0,0,0,0,0,0,0,0,0,0,0,0,0,0,0,0,0,0,0,0,0,0,0,0,0,0,0,0,0,0,0,0,0,0,0,0,0,0,0,0,0,0,0,0,0,0,0,0,0,0,0,0,0,0,0,0,0,0,0,0,0,0,0,0,0,0,0,0,0,0,0,0,0,0,0,0,0,0,0,0,0,0,0,0,0,0,0,0,0,0,0,0
1483239600,0,0,0,0,0,0,0,0,0,0,0,0,0,0,0,0,0,0,0,0,0,0,0,0,0,0,0,0,0,0,0,0,0,0,0,0,0,0,0,0,0,0,0,0,0,0,0,0,0,0,0,0,0,0,0,0,0,0,0,0,0,0,0,0,0,0,0,0,0,0,0,0,0,0,0,0,0,0,0,0,0,0,0,0,0,0,0,0,0,0,0,0,0,0,0,0,0,0,0,0,0,0,0,0,0,0,0,0,0,0,0,0,0,0,0,0,0,0,0,0,0,0,0,0,0,0,0,0,0,0,0,0,0,0,0,0,0,0,0,0,0,0,0,0,0,0,0,0,0,0,0,0,0,0,0,0,0,0,0,0,0,0,0,0,0,0,0,0,0,0,0,0,0,0,0,0,0,0,0,0,0,0,0,0,0,0,0,0,0,0,0,0,0,0,0,0,0,0,0,0,0,0,0,0,0,0,0,0,0,0,0,0,0,0,0,0,0,0,0,0,0,0,0,0,0,0,0,0,0,0,0,0,0,0,0,0,0,0,0,0,0,0,0,0,0,0,0,0,0,0,0,0,0,0,0,0,0,0,0,0,0,0,0,0,0,0,0,0,0,0,0,0,0,0,0,0,0,0,0,0,0,0,0,0,0,0,0,0,0,0,0,0,0,0,0,0,0,0,0,0,0,0,0,0,0,0,0,0,0,0,0,0,0,0,0,0,0,0,0,0,0,0,0,0,0,0,0,0,0,0,0,0,0,0,0,0,0,0,0,0,0,0,0,0,0,0,0,0,0,0,0,0,0,0,0,0,0,0,0,0,0,0,0,0,0,0,0,0,0,0,0,0,0,0,0,0,0,0,0,0,0,0,0,0,0,0,0,0,0,0,0,0,0,0,0,0,0,0,0,0,0,0,0,0,0,0,0,0,0,0,0,0,0,0,0,0,0,0,0,0,0,0,0,0,0,0,0,0,0,0,0,0,0,0,0,0,0,0,0,0,0,0,0,0,0,0,0,0,0,0,0,0,0,0,0,0,0,0,0,0,0,0,0,0,0,0,0,0,0,0,0,0,0,0,0,0,0,0,0,0,0,0,0,0,0,0,0,0,0,0,0,0,0,0,0,0,0,0,0,0,0,0,0,0,0,0,0,0,0,0,0,0,0,0,0,0,0,0,0,0,0,0,0,0,0,0,0,0,0,0,0,0,0,0,0,0,0,0,0,0,0,0,0,0,0,0,0,0,0,0,0,0,0,0,0,0
1483243200,0,0,0,0,0,0,0,0,0,0,0,0,0,0,0,0,0,0,0,0,0,0,0,0,0,0,0,0,0,0,0,0,0,0,0,0,0,0,0,0,0,0,0,0,0,0,0,0,0,0,0,0,0,0,0,0,0,0,0,0,0,0,0,0,0,0,0,0,0,0,0,0,0,0,0,0,0,0,0,0,0,0,0,0,0,0,0,0,0,0,0,0,0,0,0,0,0,0,0,0,0,0,0,0,0,0,0,0,0,0,0,0,0,0,0,0,0,0,0,0,0,0,0,0,0,0,0,0,0,0,0,0,0,0,0,0,0,0,0,0,0,0,0,0,0,0,0,0,0,0,0,0,0,0,0,0,0,0,0,0,0,0,0,0,0,0,0,0,0,0,0,0,0,0,0,0,0,0,0,0,0,0,0,0,0,0,0,0,0,0,0,0,0,0,0,0,0,0,0,0,0,0,0,0,0,0,0,0,0,0,0,0,0,0,0,0,0,0,0,0,0,0,0,0,0,0,0,0,0,0,0,0,0,0,0,0,0,0,0,0,0,0,0,0,0,0,0,0,0,0,0,0,0,0,0,0,0,0,0,0,0,0,0,0,0,0,0,0,0,0,0,0,0,0,0,0,0,0,0,0,0,0,0,0,0,0,0,0,0,0,0,0,0,0,0,0,0,0,0,0,0,0,0,0,0,0,0,0,0,0,0,0,0,0,0,0,0,0,0,0,0,0,0,0,0,0,0,0,0,0,0,0,0,0,0,0,0,0,0,0,0,0,0,0,0,0,0,0,0,0,0,0,0,0,0,0,0,0,0,0,0,0,0,0,0,0,0,0,0,0,0,0,0,0,0,0,0,0,0,0,0,0,0,0,0,0,0,0,0,0,0,0,0,0,0,0,0,0,0,0,0,0,0,0,0,0,0,0,0,0,0,0,0,0,0,0,0,0,0,0,0,0,0,0,0,0,0,0,0,0,0,0,0,0,0,0,0,0,0,0,0,0,0,0,0,0,0,0,0,0,0,0,0,0,0,0,0,0,0,0,0,0,0,0,0,0,0,0,0,0,0,0,0,0,0,0,0,0,0,0,0,0,0,0,0,0,0,0,0,0,0,0,0,0,0,0,0,0,0,0,0,0,0,0,0,0,0,0,0,0,0,0,0,0,0,0,0,0,0,0,0,0,0,0,0,0,0,0,0,0,0,0,0,0,0,0,0,0,0,0,0,0,0,0,0,0,0,0,0,0,0,0,0,0,0,0
1483246800,0,0,0,0,0,0,0,0,0,0,0,0,0,0,0,0,0,0,0,0,0,0,0,0,0,0,0,0,0,0,0,0,0,0,0,0,0,0,0,0,0,0,0,0,0,0,0,0,0,0,0,0,0,0,0,0,0,0,0,0,0,0,0,0,0,0,0,0,0,0,0,0,0,0,0,0,0,0,0,0,0,0,0,0,0,0,0,0,0,0,0,0,0,0,0,0,0,0,0,0,0,0,0,0,0,0,0,0,0,0,0,0,0,0,0,0,0,0,0,0,0,0,0,0,0,0,0,0,0,0,0,0,0,0,0,0,0,0,0,0,0,0,0,0,0,0,0,0,0,0,0,0,0,0,0,0,0,0,0,0,0,0,0,0,0,0,0,0,0,0,0,0,0,0,0,0,0,0,0,0,0,0,0,0,0,0,0,0,0,0,0,0,0,0,0,0,0,0,0,0,0,0,0,0,0,0,0,0,0,0,0,0,0,0,0,0,0,0,0,0,0,0,0,0,0,0,0,0,0,0,0,0,0,0,0,0,0,0,0,0,0,0,0,0,0,0,0,0,0,0,0,0,0,0,0,0,0,0,0,0,0,0,0,0,0,0,0,0,0,0,0,0,0,0,0,0,0,0,0,0,0,0,0,0,0,0,0,0,0,0,0,0,0,0,0,0,0,0,0,0,0,0,0,0,0,0,0,0,0,0,0,0,0,0,0,0,0,0,0,0,0,0,0,0,0,0,0,0,0,0,0,0,0,0,0,0,0,0,0,0,0,0,0,0,0,0,0,0,0,0,0,0,0,0,0,0,0,0,0,0,0,0,0,0,0,0,0,0,0,0,0,0,0,0,0,0,0,0,0,0,0,0,0,0,0,0,0,0,0,0,0,0,0,0,0,0,0,0,0,0,0,0,0,0,0,0,0,0,0,0,0,0,0,0,0,0,0,0,0,0,0,0,0,0,0,0,0,0,0,0,0,0,0,0,0,0,0,0,0,0,0,0,0,0,0,0,0,0,0,0,0,0,0,0,0,0,0,0,0,0,0,0,0,0,0,0,0,0,0,0,0,0,0,0,0,0,0,0,0,0,0,0,0,0,0,0,0,0,0,0,0,0,0,0,0,0,0,0,0,0,0,0,0,0,0,0,0,0,0,0,0,0,0,0,0,0,0,0,0,0,0,0,0,0,0,0,0,0,0,0,0,0,0,0,0,0,0,0,0,0,0,0,0,0,0,0,0,0,0,0,0,0,0,0,0,0
1483250400,0,0,0,0,0,0,0,0,0,0,0,0,0,0,0,0,0,0,0,0,0,0,0,0,0,0,0,0,0,0,0,0,0,0,0,0,0,0,0,0,0,0,0,0,0,0,0,0,0,0,0,0,0,0,0,0,0,0,0,0,0,0,0,0,0,0,0,0,0,0,0,0,0,0,0,0,0,0,0,0,0,0,0,0,0,0,0,0,0,0,0,0,0,0,0,0,0,0,0,0,0,0,0,0,0,0,0,0,0,0,0,0,0,0,0,0,0,0,0,0,0,0,0,0,0,0,0,0,0,0,0,0,0,0,0,0,0,0,0,0,0,0,0,0,0,0,0,0,0,0,0,0,0,0,0,0,0,0,0,0,0,0,0,0,0,0,0,0,0,0,0,0,0,0,0,0,0,0,0,0,0,0,0,0,0,0,0,0,0,0,0,0,0,0,0,0,0,0,0,0,0,0,0,0,0,0,0,0,0,0,0,0,0,0,0,0,0,0,0,0,0,0,0,0,0,0,0,0,0,0,0,0,0,0,0,0,0,0,0,0,0,0,0,0,0,0,0,0,0,0,0,0,0,0,0,0,0,0,0,0,0,0,0,0,0,0,0,0,0,0,0,0,0,0,0,0,0,0,0,0,0,0,0,0,0,0,0,0,0,0,0,0,0,0,0,0,0,0,0,0,0,0,0,0,0,0,0,0,0,0,0,0,0,0,0,0,0,0,0,0,0,0,0,0,0,0,0,0,0,0,0,0,0,0,0,0,0,0,0,0,0,0,0,0,0,0,0,0,0,0,0,0,0,0,0,0,0,0,0,0,0,0,0,0,0,0,0,0,0,0,0,0,0,0,0,0,0,0,0,0,0,0,0,0,0,0,0,0,0,0,0,0,0,0,0,0,0,0,0,0,0,0,0,0,0,0,0,0,0,0,0,0,0,0,0,0,0,0,0,0,0,0,0,0,0,0,0,0,0,0,0,0,0,0,0,0,0,0,0,0,0,0,0,0,0,0,0,0,0,0,0,0,0,0,0,0,0,0,0,0,0,0,0,0,0,0,0,0,0,0,0,0,0,0,0,0,0,0,0,0,0,0,0,0,0,0,0,0,0,0,0,0,0,0,0,0,0,0,0,0,0,0,0,0,0,0,0,0,0,0,0,0,0,0,0,0,0,0,0,0,0,0,0,0,0,0,0,0,0,0,0,0,0,0,0,0,0,0,0,0,0,0,0,0,0,0,0,0,0,0,0,0,0,0,0,0
1483254000,0,0,0,0,0,0,0,0,0,0,0,0,0,0,0,0,0,0,0,0,0,0,0,0,0,0,0,0,0,0,0,0,0,0,0,0,0,0,0,0,0,0,0,0,0,0,0,0,0,0,0,0,0,0,0,0,0,0,0,0,0,0,0,0,0,0,0,0,0,0,0,0,0,0,0,0,0,0,0,0,0,0,0,0,0,0,0,0,0,0,0,0,0,0,0,0,0,0,0,0,0,0,0,0,0,0,0,0,0,0,0,0,0,0,0,0,0,0,0,0,0,0,0,0,0,0,0,0,0,0,0,0,0,0,0,0,0,0,0,0,0,0,0,0,0,0,0,0,0,0,0,0,0,0,0,0,0,0,0,0,0,0,0,0,0,0,0,0,0,0,0,0,0,0,0,0,0,0,0,0,0,0,0,0,0,0,0,0,0,0,0,0,0,0,0,0,0,0,0,0,0,0,0,0,0,0,0,0,0,0,0,0,0,0,0,0,0,0,0,0,0,0,0,0,0,0,0,0,0,0,0,0,0,0,0,0,0,0,0,0,0,0,0,0,0,0,0,0,0,0,0,0,0,0,0,0,0,0,0,0,0,0,0,0,0,0,0,0,0,0,0,0,0,0,0,0,0,0,0,0,0,0,0,0,0,0,0,0,0,0,0,0,0,0,0,0,0,0,0,0,0,0,0,0,0,0,0,0,0,0,0,0,0,0,0,0,0,0,0,0,0,0,0,0,0,0,0,0,0,0,0,0,0,0,0,0,0,0,0,0,0,0,0,0,0,0,0,0,0,0,0,0,0,0,0,0,0,0,0,0,0,0,0,0,0,0,0,0,0,0,0,0,0,0,0,0,0,0,0,0,0,0,0,0,0,0,0,0,0,0,0,0,0,0,0,0,0,0,0,0,0,0,0,0,0,0,0,0,0,0,0,0,0,0,0,0,0,0,0,0,0,0,0,0,0,0,0,0,0,0,0,0,0,0,0,0,0,0,0,0,0,0,0,0,0,0,0,0,0,0,0,0,0,0,0,0,0,0,0,0,0,0,0,0,0,0,0,0,0,0,0,0,0,0,0,0,0,0,0,0,0,0,0,0,0,0,0,0,0,0,0,0,0,0,0,0,0,0,0,0,0,0,0,0,0,0,0,0,0,0,0,0,0,0,0,0,0,0,0,0,0,0,0,0,0,0,0,0,0,0,0,0,0,0,0,0,0,0,0,0,0,0,0,0,0,0,0,0,0,0,0,0,0,0,0,0
1483257600,0,0,0,0,0,0,0,0,0,0,0,0,0,0,0,0,0,0,0,0,0,0,0,0,0,0,0,0,0,0,0,0,0,0,0,0,0,0,0,0,0,0,0,0,0,0,0,0,0,0,0,0,0,0,0,0,0,0,0,0,0,0,0,0,0,0,0,0,0,0,0,0,0,0,0,0,0,0,0,0,0,0,0,0,0,0,0,0,0,0,0,0,0,0,0,0,0,0,0,0,0,0,0,0,0,0,0,0,0,0,0,0,0,0,0,0,0,0,0,0,0,0,0,0,0,0,0,0,0,0,0,0,0,0,0,0,0,0,0,0,0,0,0,0,0,0,0,0,0,0,0,0,0,0,0,0,0,0,0,0,0,0,0,0,0,0,0,0,0,0,0,0,0,0,0,0,0,0,0,0,0,0,0,0,0,0,0,0,0,0,0,0,0,0,0,0,0,0,0,0,0,0,0,0,0,0,0,0,0,0,0,0,0,0,0,0,0,0,0,0,0,0,0,0,0,0,0,0,0,0,0,0,0,0,0,0,0,0,0,0,0,0,0,0,0,0,0,0,0,0,0,0,0,0,0,0,0,0,0,0,0,0,0,0,0,0,0,0,0,0,0,0,0,0,0,0,0,0,0,0,0,0,0,0,0,0,0,0,0,0,0,0,0,0,0,0,0,0,0,0,0,0,0,0,0,0,0,0,0,0,0,0,0,0,0,0,0,0,0,0,0,0,0,0,0,0,0,0,0,0,0,0,0,0,0,0,0,0,0,0,0,0,0,0,0,0,0,0,0,0,0,0,0,0,0,0,0,0,0,0,0,0,0,0,0,0,0,0,0,0,0,0,0,0,0,0,0,0,0,0,0,0,0,0,0,0,0,0,0,0,0,0,0,0,0,0,0,0,0,0,0,0,0,0,0,0,0,0,0,0,0,0,0,0,0,0,0,0,0,0,0,0,0,0,0,0,0,0,0,0,0,0,0,0,0,0,0,0,0,0,0,0,0,0,0,0,0,0,0,0,0,0,0,0,0,0,0,0,0,0,0,0,0,0,0,0,0,0,0,0,0,0,0,0,0,0,0,0,0,0,0,0,0,0,0,0,0,0,0,0,0,0,0,0,0,0,0,0,0,0,0,0,0,0,0,0,0,0,0,0,0,0,0,0,0,0,0,0,0,0,0,0,0,0,0,0,0,0,0,0,0,0,0,0,0,0,0,0,0,0,0,0,0,0,0,0,0,0,0,0,0,0,0,0,0,0
1483261200,0,0,0,0,0,0,0,0,0,0,0,0,0,0,0,0,0,0,0,0,0,0,0,0,0,0,0,0,0,0,0,0,0,0,0,0,0,0,0,0,0,0,0,0,0,0,0,0,0,0,0,0,0,0,0,0,0,0,0,0,0,0,0,0,0,0,0,0,0,0,0,0,0,0,0,0,0,0,0,0,0,0,0,0,0,0,0,0,0,0,0,0,0,0,0,0,0,0,0,0,0,0,0,0,0,0,0,0,0,0,0,0,0,0,0,0,0,0,0,0,0,0,0,0,0,0,0,0,0,0,0,0,0,0,0,0,0,0,0,0,0,0,0,0,0,0,0,0,0,0,0,0,0,0,0,0,0,0,0,0,0,0,0,0,0,0,0,0,0,0,0,0,0,0,0,0,0,0,0,0,0,0,0,0,0,0,0,0,0,0,0,0,0,0,0,0,0,0,0,0,0,0,0,0,0,0,0,0,0,0,0,0,0,0,0,0,0,0,0,0,0,0,0,0,0,0,0,0,0,0,0,0,0,0,0,0,0,0,0,0,0,0,0,0,0,0,0,0,0,0,0,0,0,0,0,0,0,0,0,0,0,0,0,0,0,0,0,0,0,0,0,0,0,0,0,0,0,0,0,0,0,0,0,0,0,0,0,0,0,0,0,0,0,0,0,0,0,0,0,0,0,0,0,0,0,0,0,0,0,0,0,0,0,0,0,0,0,0,0,0,0,0,0,0,0,0,0,0,0,0,0,0,0,0,0,0,0,0,0,0,0,0,0,0,0,0,0,0,0,0,0,0,0,0,0,0,0,0,0,0,0,0,0,0,0,0,0,0,0,0,0,0,0,0,0,0,0,0,0,0,0,0,0,0,0,0,0,0,0,0,0,0,0,0,0,0,0,0,0,0,0,0,0,0,0,0,0,0,0,0,0,0,0,0,0,0,0,0,0,0,0,0,0,0,0,0,0,0,0,0,0,0,0,0,0,0,0,0,0,0,0,0,0,0,0,0,0,0,0,0,0,0,0,0,0,0,0,0,0,0,0,0,0,0,0,0,0,0,0,0,0,0,0,0,0,0,0,0,0,0,0,0,0,0,0,0,0,0,0,0,0,0,0,0,0,0,0,0,0,0,0,0,0,0,0,0,0,0,0,0,0,0,0,0,0,0,0,0,0,0,0,0,0,0,0,0,0,0,0,0,0,0,0,0,0,0,0,0,0,0,0,0,0,0,0,0,0,0,0,0,0,0,0,0,0,0
1483264800,1,1,1,3,3,2,2,1,1,1,3,0,3,2,2,1,1,1,0,3,2,2,1,1,1,0,3,0,2,2,1,1,1,0,0,2,2,1,1,1,0,0,2,0,2,1,1,1,1,0,0,2,1,1,1,1,0,0,2,2,0,1,1,1,1,0,3,3,0,2,0,2,1,0,1,1,6,5,1,4,0,4,3,0,2,0,2,0,1,11,9,1,8,1,7,6,1,5,4,0,3,0,3,2,0,2,0,1,12,11,0,1,9,8,1,7,6,1,5,0,4,3,0,3,0,2,2,0,1,0,1,11,9,1,8,7,1,6,5,0,4,0,3,3,0,2,0,2,1,0,1,11,0,1,10,8,7,1,6,0,5,4,0,3,3,0,2,0,2,0,1,1,0,1,9,0,8,1,7,6,0,5,4,0,3,0,2,2,0,2,0,1,1,0,1,0,9,1,8,7,0,6,5,0,4,0,3,0,0,2,0,2,0,2,0,1,0,0,1,1,0,0,1,9,0,7,0,0,6,5,0,0,5,0,4,0,0,3,0,2,0,0,2,0,2,0,1,0,1,0,0,1,1,0,0,0,7,6,0,0,5,0,4,0,4,0,0,3,0,2,0,2,0,2,0,1,0,0,1,0,1,0,0,1,0,0,0,7,6,0,5,0,4,0,0,4,3,0,0,2,2,0,0,2,0,1,0,1,0,1,0,0,0,0,0,0,7,0,6,0,5,0,4,0,4,0,3,2,0,0,2,2,0,0,1,0,1,0,1,0,0,0,0,0,0,0,6,0,5,0,4,0,4,3,0,0,2,2,0,0,2,1,0,0,1,0,1,0,0,0,0,0,0,0,0,5,5,0,0,4,3,0,3,0,2,0,2,0,0,1,1,0,0,1,0,0,0,0,0,0,0,5,0,0,4,4,0,3,0,3,0,2,0,2,0,1,0,0,1,1,0,0,0,0,0,0,0,0,0,5,0,0,4,3,0,3,0,2,0,2,0,1,0,1,1,1,0,0,0,0,0,0,0,0,0,3,0,3,2,0,0,2,0,1,1,1,1,0,0,0,0,0,0,0,0,0,0,2,2,0,1,1,1,1,0,0,0,0,1,0,0,0,2,1,1,1,1,0,0,0,0,0,0,0,0,1,1,1,0,0,0,0,0,0,0,1,0,0,0,0,0,0,0,0,0,0,0,0,0,0,0,0,0,0,0,0,0,0,0,0,0,0,0,0,0,0,0,0,0,0,0,0,0,0,0,0
1483268400,66,68,66,72,70,68,67,66,67,66,73,65,71,69,67,66,65,66,64,73,71,69,67,67,66,65,72,63,71,70,69,69,68,67,64,71,70,69,69,70,68,67,70,65,69,69,69,70,70,68,66,68,67,68,70,70,69,68,70,68,66,67,67,69,69,69,76,74,68,71,66,69,67,64,67,68,80,79,70,79,70,76,74,68,72,66,70,64,68,87,84,67,82,68,80,78,69,77,76,69,75,69,74,72,66,71,64,69,91,89,63,68,86,83,68,81,78,68,76,69,74,74,69,72,67,72,71,65,70,63,69,88,86,68,83,81,68,78,75,68,73,68,71,70,68,70,66,70,70,64,69,88,62,68,86,84,81,68,79,68,75,72,67,70,69,67,68,66,68,64,68,67,62,67,86,59,84,67,82,79,67,75,72,67,69,67,68,67,66,66,64,66,66,62,65,60,84,64,84,81,64,79,77,64,73,41,69,64,51,67,64,66,50,65,64,65,49,63,64,63,47,60,63,83,57,82,45,62,81,80,53,61,77,41,74,61,50,70,39,68,61,49,65,61,64,48,63,61,62,47,60,61,61,45,56,61,80,79,53,41,78,60,77,50,75,60,40,71,59,69,48,66,59,64,48,62,60,47,61,58,60,44,56,60,60,54,41,79,78,59,77,51,76,39,58,74,71,49,56,69,67,56,48,64,57,62,46,60,57,59,43,58,59,41,55,58,80,57,78,53,77,56,75,51,73,55,71,68,48,54,67,65,54,46,62,55,60,42,58,55,58,40,55,57,56,53,78,54,77,51,75,53,73,71,49,52,68,66,47,52,65,63,52,42,61,53,58,39,57,54,55,53,54,52,51,76,75,51,50,73,71,50,69,48,66,49,65,43,49,63,61,50,40,58,51,55,53,51,51,51,50,75,49,50,74,73,48,72,48,70,48,67,45,65,48,63,41,48,61,60,49,56,50,53,51,50,49,49,48,73,48,47,73,71,47,70,45,68,48,65,42,62,48,60,59,58,55,53,51,51,48,49,47,48,48,71,45,69,68,48,42,66,48,62,59,58,57,55,54,53,49,51,47,50,45,49,49,67,65,49,62,59,57,55,54,54,53,52,51,50,49,49,64,62,58,55,53,52,52,53,53,51,50,49,49,54,52,50,50,51,51,51,51,49,49,52,49,49,49,49,50,50,50,48,47,47,47,47,48,49,48,45,45,46,47,48,48,44,44,46,47,48,44,44,44,46,47,44,43,43,45,47,43,43,44,41
1483272000,181,185,185,180,178,177,176,178,182,183,182,185,180,179,178,180,178,181,182,183,181,180,180,180,181,183,183,185,182,182,184,184,185,185,186,182,182,184,186,188,186,187,180,191,180,183,187,189,190,190,191,179,180,184,189,193,193,193,183,180,194,180,182,190,191,193,185,186,192,184,192,182,182,194,183,187,189,188,192,187,193,185,185,193,185,192,183,193,183,194,192,184,190,185,188,186,189,185,184,192,184,194,184,185,192,184,192,186,200,196,195,185,194,191,186,189,186,188,183,191,182,183,193,182,193,183,184,192,184,193,185,195,192,187,190,188,188,185,182,190,180,192,179,179,195,181,194,183,184,193,185,197,195,187,192,190,188,188,186,190,182,179,192,177,177,193,178,194,181,193,183,183,194,185,193,194,190,187,188,185,189,182,180,192,177,193,176,176,194,178,193,180,181,193,182,194,194,183,190,187,185,186,184,187,180,181,177,189,187,175,191,174,188,174,192,176,190,192,179,179,191,192,180,194,192,191,187,181,188,186,187,183,184,183,181,184,186,178,176,175,186,187,173,188,172,188,173,189,174,188,189,176,177,187,187,178,188,187,184,183,185,179,184,182,183,180,178,179,181,176,184,174,184,172,186,171,186,187,172,186,173,185,185,174,175,184,182,188,186,175,184,183,183,178,174,181,178,183,175,177,175,177,184,173,180,171,183,170,183,171,182,187,173,181,186,173,188,172,186,186,185,171,182,185,180,170,178,176,183,170,175,175,173,181,172,178,170,178,170,181,171,176,184,171,171,185,186,169,184,185,182,167,179,177,184,166,175,175,182,166,176,173,169,176,171,174,170,172,170,181,170,183,168,166,185,183,182,165,185,179,176,162,175,181,174,161,174,177,163,173,171,168,171,168,174,166,165,180,164,184,163,182,160,185,181,180,158,176,183,176,157,175,178,174,158,172,172,164,171,169,171,165,177,163,162,181,161,183,159,179,157,181,178,176,157,177,177,175,157,173,173,171,162,169,168,166,163,161,184,160,181,159,179,157,156,176,178,174,174,156,174,173,161,172,167,166,167,164,162,161,183,160,181,158,177,157,157,172,172,160,168,165,165,164,164,163,161,161,160,158,158,159,169,166,162,160,159,161,163,161,161,161,159,158,159,158,155,155,157,158,159,160,160,159,158,153,151,153,154,156,159,159,159,159,149,149,152,154,158,159,160,146,148,152,156,158,160,145,150,154,159,159,144,147,152,157,160,145,146,151,156,161,145,150,156,146
1483275600,319,325,322,313,313,312,313,316,321,321,314,324,313,313,314,314,315,319,322,315,315,315,316,316,317,321,315,323,315,317,321,320,320,322,325,314,317,321,324,323,323,325,314,330,316,320,326,326,326,326,328,313,317,322,329,329,329,330,317,315,330,316,319,326,329,331,321,321,328,319,328,316,316,330,319,323,325,324,329,324,330,321,321,329,320,328,318,329,317,333,331,319,329,321,327,325,325,324,322,328,321,329,321,320,328,320,329,320,339,335,332,320,334,332,322,330,327,323,324,327,322,321,329,319,330,319,321,330,321,332,322,334,332,324,332,330,325,326,323,328,320,330,319,318,332,318,332,320,322,333,323,337,336,325,331,331,329,327,327,329,323,319,331,317,317,332,317,332,319,332,321,322,333,324,333,335,329,327,328,326,329,323,321,331,317,333,315,316,333,319,331,320,322,331,322,332,336,323,330,328,325,325,323,327,321,319,318,329,329,316,330,315,330,317,330,320,331,329,322,321,329,329,321,338,328,332,328,322,328,326,325,323,323,321,321,325,325,320,314,317,327,327,315,327,316,328,319,326,319,329,326,318,318,324,324,318,331,326,321,321,324,320,322,320,322,321,316,320,322,319,322,318,323,317,324,317,325,326,318,324,317,321,324,316,315,321,320,332,327,316,323,320,321,315,314,321,320,321,315,321,319,316,322,317,319,316,320,316,322,315,319,327,316,317,324,315,336,313,329,324,326,311,321,323,320,309,321,321,322,309,320,319,311,320,317,317,316,316,314,321,316,313,325,314,313,326,332,312,327,325,324,308,319,319,325,304,319,321,322,302,319,318,307,316,318,315,315,312,315,322,315,325,313,310,327,330,327,307,327,323,320,302,320,322,320,298,319,316,299,319,316,307,310,313,314,311,310,320,309,325,307,336,304,325,331,328,299,324,323,322,295,321,316,321,295,318,310,302,315,313,311,309,318,307,306,321,304,322,300,334,298,320,330,327,295,325,316,326,296,323,311,319,302,315,313,311,307,304,325,302,319,300,316,296,295,330,315,327,327,295,313,325,301,321,315,312,312,308,305,302,324,300,315,297,313,296,296,326,325,300,320,316,312,311,309,307,304,303,300,298,297,299,323,319,313,310,308,309,307,307,306,303,301,299,301,308,305,306,306,307,307,306,304,302,301,304,302,305,305,307,309,307,305,303,300,302,304,307,309,308,307,300,302,307,310,310,309,302,306,310,313,311,302,305,310,314,315,302,307,311,315,320,307,313,319,314
1483279200,499,509,513,485,484,488,492,496,501,507,489,515,489,490,493,492,494,502,507,494,495,495,494,494,498,505,492,512,494,497,498,498,499,504,509,491,495,499,502,503,504,508,485,516,490,499,504,507,508,509,511,485,492,500,507,511,512,512,481,482,514,487,495,503,509,512,475,478,511,479,512,480,484,515,490,498,468,468,507,471,510,471,474,511,478,511,478,514,481,465,466,486,468,492,468,468,500,466,466,507,468,512,472,475,512,477,513,479,469,467,518,484,468,468,489,469,469,495,466,504,464,464,509,468,513,472,476,515,479,518,483,467,465,489,466,467,493,466,465,499,462,506,461,464,513,470,516,474,478,518,483,468,523,488,464,464,464,494,465,499,464,462,504,460,462,509,467,514,472,516,477,481,520,487,463,522,460,494,461,462,499,463,463,505,461,508,462,466,513,473,514,476,479,515,483,518,465,489,460,458,494,459,461,499,463,511,461,503,516,461,507,466,520,471,512,476,524,511,480,481,520,512,484,466,513,460,516,489,457,456,509,493,458,514,460,498,510,462,509,461,503,513,464,507,469,518,474,508,475,519,508,477,481,517,506,484,458,454,504,514,453,488,455,505,458,492,513,460,497,462,509,464,502,467,512,470,505,516,473,506,474,515,505,477,481,503,513,457,452,485,450,506,451,511,485,455,458,510,488,461,462,493,514,464,497,467,512,468,503,471,509,509,475,511,508,479,458,481,452,510,448,483,448,515,452,481,457,460,516,483,462,464,487,513,466,496,466,507,467,504,471,502,511,475,477,513,455,479,450,517,448,478,447,452,519,477,456,461,517,477,462,464,484,508,467,497,465,500,467,510,471,515,473,473,518,454,451,474,520,449,450,472,454,515,457,471,459,507,475,460,461,486,498,461,497,462,463,507,465,513,466,461,466,514,456,454,466,452,512,454,466,456,504,457,470,457,498,478,457,457,490,457,501,456,456,506,457,507,457,460,457,506,457,456,459,457,503,459,465,458,499,457,476,455,454,452,451,449,508,449,503,450,500,450,452,459,501,459,461,458,501,460,471,458,454,452,451,449,448,447,508,446,498,447,500,448,453,459,460,464,459,456,453,450,449,449,447,447,448,448,452,459,456,456,453,451,449,448,448,449,449,450,452,453,459,448,448,447,448,450,452,454,453,454,457,445,447,450,450,453,457,456,456,456,445,449,451,454,457,457,457,447,450,453,457,458,457,452,454,457,460,459,448,453,457,462,464,445,454,457,463,469,451,459,466,462
1483282800,609,619,624,593,594,597,602,607,614,620,595,628,596,598,600,601,606,615,622,599,600,600,601,603,609,616,596,623,599,602,603,605,608,612,619,595,599,602,605,608,611,616,588,626,593,600,604,608,612,614,620,587,593,600,607,612,615,616,579,582,622,587,595,604,610,615,569,571,615,574,619,578,583,625,590,599,552,555,610,559,614,562,565,615,570,617,575,623,580,543,547,586,550,592,550,551,601,551,553,609,556,614,560,565,617,571,623,578,541,540,628,585,543,546,590,549,550,595,549,604,549,551,610,555,616,561,569,622,576,627,583,540,540,589,543,545,593,547,547,598,545,605,547,551,614,557,620,565,573,625,582,543,629,588,539,540,542,592,545,597,547,545,602,546,550,609,555,616,561,621,568,576,625,583,540,628,538,591,540,543,597,545,547,602,546,606,550,555,613,561,616,565,571,619,577,624,542,583,538,538,590,540,543,597,546,621,547,601,622,549,606,556,625,561,611,565,626,613,570,573,623,617,577,544,620,541,622,583,539,539,617,589,541,622,543,595,618,546,619,548,601,620,554,607,560,623,564,609,567,622,611,570,574,621,613,578,540,538,612,621,538,583,539,614,540,588,622,544,596,547,617,552,603,558,619,562,607,622,566,608,568,620,609,572,576,611,618,538,535,580,535,614,538,620,584,540,542,618,588,546,549,595,620,553,600,558,619,561,605,564,617,611,569,616,613,574,536,579,532,616,532,583,535,621,539,584,543,546,622,588,548,550,592,620,555,598,557,614,559,605,564,612,613,569,574,617,532,579,530,622,531,581,535,539,625,583,542,546,623,585,548,551,589,615,552,597,554,608,558,609,564,615,568,572,621,531,530,576,624,532,536,577,540,620,543,578,546,614,581,549,548,588,606,549,597,551,556,606,560,614,563,535,566,617,533,534,568,535,616,538,570,541,610,544,575,545,604,581,546,545,590,545,602,547,551,608,552,611,553,536,555,611,536,538,560,540,609,542,568,542,605,543,578,544,541,540,539,540,612,542,609,543,608,544,549,539,608,542,543,558,607,543,571,543,542,540,537,535,535,537,615,537,607,539,609,541,550,541,544,562,544,542,540,536,533,533,534,535,537,540,546,556,540,541,540,538,536,533,533,535,536,539,542,545,553,536,535,534,534,535,537,540,543,547,552,533,534,536,536,538,542,544,548,551,532,536,538,541,544,548,551,535,539,541,545,547,549,541,543,546,550,549,537,543,546,551,553,531,544,547,553,559,539,548,555,551
1483286400,664,673,682,648,648,652,658,664,671,679,649,687,649,651,656,661,668,677,682,651,652,655,660,665,671,677,649,682,653,656,660,664,667,671,677,649,653,657,661,665,668,674,642,683,648,653,657,662,667,670,678,642,647,653,659,664,668,671,630,636,682,642,648,655,662,667,618,621,669,625,676,631,638,685,644,652,599,601,661,605,667,610,615,670,620,672,626,681,632,588,592,639,595,645,595,596,654,596,599,662,602,669,608,614,673,621,678,627,581,583,682,634,587,591,640,593,594,647,593,657,594,597,665,601,671,608,617,676,624,680,631,581,583,636,587,590,642,591,592,650,591,660,593,597,669,603,674,612,620,678,628,583,681,633,580,583,586,638,589,645,592,592,654,592,594,663,599,670,606,673,613,622,677,630,582,679,581,636,584,586,642,590,594,649,593,657,595,598,665,603,669,609,616,672,624,677,585,630,582,583,636,585,587,643,592,680,594,649,673,596,656,600,679,603,663,607,682,666,612,617,679,672,623,589,675,586,679,630,585,585,668,636,586,680,589,643,669,593,678,597,650,673,600,657,604,678,608,662,610,678,666,614,620,677,670,625,586,585,668,679,586,631,586,666,587,636,679,592,645,596,670,601,652,605,674,608,659,677,611,663,612,676,667,618,624,668,676,583,584,629,584,667,586,679,634,587,590,669,639,595,599,645,672,602,652,606,673,609,659,611,674,667,616,674,668,623,580,629,580,669,582,634,584,670,586,637,589,593,672,640,597,600,644,672,603,651,606,670,609,660,613,670,667,620,627,671,578,633,578,674,580,636,583,586,676,638,590,595,674,637,598,600,642,669,600,650,604,665,610,662,617,668,622,627,674,577,578,631,677,581,584,634,588,673,592,634,596,668,635,598,597,643,662,598,651,600,607,660,613,667,618,580,623,671,579,580,627,583,671,587,631,590,665,594,631,595,661,637,595,594,646,595,655,597,602,661,606,664,610,581,614,666,581,584,621,587,664,589,627,591,660,592,634,594,593,592,591,593,663,594,660,596,660,602,609,584,662,587,589,618,661,590,628,590,591,591,590,588,588,589,667,591,659,594,661,599,607,587,590,618,590,590,589,587,586,585,586,588,591,595,602,610,587,589,589,588,586,582,583,584,587,590,594,599,607,587,584,581,580,583,587,592,596,601,606,582,581,578,582,586,592,597,602,606,577,581,586,591,596,602,606,581,586,590,595,600,604,588,591,595,599,602,586,592,595,598,601,580,593,597,601,605,588,597,603,601
1483290000,688,697,704,670,672,678,683,687,695,702,668,709,671,676,683,688,693,699,705,670,674,680,687,691,695,701,669,706,673,678,684,688,692,696,702,670,674,679,684,689,694,700,666,708,669,673,679,685,692,697,705,666,669,675,682,689,696,702,655,661,709,666,670,678,686,694,640,645,698,650,704,655,661,710,667,675,618,621,684,625,692,632,638,696,645,699,650,705,656,603,605,662,608,669,611,613,677,616,619,686,624,694,629,638,697,645,701,651,599,600,705,657,601,603,663,606,609,671,612,681,615,617,689,622,694,630,639,697,647,701,653,598,598,660,600,604,667,607,609,675,610,683,613,617,691,622,695,631,640,698,649,599,700,656,596,598,601,662,606,669,609,609,677,610,614,685,618,691,625,693,634,642,696,650,598,698,598,656,599,603,663,607,610,671,608,678,612,616,686,619,689,628,636,692,643,696,601,650,600,601,656,602,605,662,609,702,610,670,695,612,678,616,700,619,685,623,704,688,631,637,704,693,643,604,695,604,703,649,604,603,689,656,604,703,607,663,690,610,699,613,671,695,616,680,620,700,623,686,629,702,689,634,640,702,691,646,604,605,687,701,605,652,605,684,606,658,701,609,666,613,691,618,676,621,696,624,684,700,628,687,632,700,688,638,644,687,699,600,602,650,604,684,605,700,655,606,609,687,661,613,618,668,692,622,675,625,696,629,681,633,698,688,637,698,687,643,595,648,597,686,600,654,603,685,606,659,609,613,690,663,617,621,668,692,624,674,627,694,631,682,636,695,688,641,646,689,594,652,595,691,598,657,601,606,692,661,611,615,692,662,619,620,667,691,621,674,625,690,631,685,639,689,643,648,692,593,595,653,694,598,602,658,607,691,612,659,616,688,661,618,618,666,686,620,673,624,629,681,635,688,640,596,646,691,596,598,652,600,691,604,656,608,686,613,657,615,684,661,616,615,668,618,675,621,625,682,630,686,635,598,641,687,599,601,647,604,685,606,652,609,683,612,658,614,615,615,615,617,680,619,681,624,682,630,637,602,684,604,605,644,684,607,652,609,611,612,612,612,612,613,684,617,678,622,681,628,635,605,607,644,608,608,608,607,608,608,609,612,617,623,630,638,606,608,608,607,605,602,604,607,610,614,620,625,635,606,603,600,600,604,609,614,619,624,630,601,599,598,602,607,613,619,624,629,597,601,607,613,618,625,629,601,606,611,618,624,629,607,610,616,623,627,606,611,613,619,624,601,613,615,619,624,609,615,620,620
1483293600,685,694,701,668,673,677,681,684,691,699,665,707,670,675,680,684,690,696,704,666,672,678,684,688,693,700,664,707,669,676,682,687,690,697,704,665,670,677,683,688,695,702,661,710,665,671,678,685,692,700,707,662,667,673,681,689,697,704,656,660,711,664,669,678,686,694,640,645,700,650,707,655,662,713,668,676,614,619,684,625,691,632,638,696,644,701,649,708,656,590,593,663,598,671,603,608,679,613,616,686,622,693,629,636,697,643,701,650,586,585,706,657,588,593,665,598,603,673,607,681,610,613,688,620,693,628,637,697,645,701,652,585,585,659,589,595,666,598,601,674,604,683,609,614,690,620,693,630,639,696,647,586,699,654,584,586,591,660,596,667,598,601,675,605,609,683,616,689,624,691,633,641,694,649,586,696,586,655,590,595,661,597,599,668,602,675,606,612,683,618,687,627,635,690,642,693,589,649,588,591,655,594,597,662,599,703,602,668,693,607,676,611,699,616,684,623,704,687,631,637,705,690,643,591,691,592,705,650,594,596,688,656,596,703,598,663,689,601,700,607,670,693,611,678,616,700,622,684,627,702,686,632,638,703,686,645,592,594,685,701,597,652,597,684,598,659,701,601,667,606,689,612,674,617,695,622,681,700,627,683,629,700,683,634,641,682,699,588,591,648,594,681,598,699,655,599,601,684,662,606,611,668,689,617,674,622,694,626,678,629,697,681,633,697,680,638,581,645,585,680,590,651,594,679,598,658,601,606,684,663,610,615,667,689,621,672,625,692,628,677,632,694,681,636,641,682,580,648,584,682,589,653,594,599,683,658,604,609,686,660,613,617,665,688,621,672,625,690,630,679,635,682,638,644,683,581,586,649,684,591,596,654,601,685,606,656,610,686,659,613,616,664,688,620,670,624,629,675,633,680,638,584,645,683,586,589,650,593,684,599,653,603,684,607,655,610,686,659,612,614,664,618,670,621,625,675,630,679,636,588,642,682,590,594,648,597,684,601,652,603,685,606,657,608,610,612,613,616,674,620,676,626,678,633,639,594,682,597,600,646,685,602,652,603,604,605,606,608,610,614,678,620,675,626,679,631,637,599,602,644,603,602,601,601,602,604,609,614,621,626,632,639,601,604,604,602,599,598,600,604,609,616,622,627,635,602,598,596,596,600,606,613,620,625,632,598,595,594,597,603,610,617,624,629,594,598,602,609,616,622,627,597,602,607,614,621,625,602,605,612,620,624,600,606,610,617,623,595,606,610,616,622,603,609,616,614
1483297200,664,673,678,646,651,655,659,663,671,678,643,685,648,654,659,663,669,678,685,644,652,658,663,668,676,685,640,691,647,656,663,668,674,684,690,641,650,657,664,671,680,689,638,696,644,651,659,667,677,685,692,641,647,654,662,672,681,689,635,640,694,645,650,658,667,677,617,624,685,630,691,637,644,695,649,656,586,594,663,601,673,609,617,680,624,686,631,691,638,548,555,645,564,651,570,576,658,583,589,667,597,676,606,615,681,622,685,630,545,545,689,638,549,556,645,563,567,652,573,661,579,586,670,596,676,606,615,680,623,684,631,544,546,639,552,558,645,561,565,654,571,663,578,587,672,598,676,608,617,679,625,545,681,632,544,550,555,640,559,648,562,567,656,573,580,664,590,670,600,673,611,619,676,627,546,678,549,635,554,558,643,561,565,650,570,657,577,584,665,593,668,604,613,671,621,674,548,629,550,554,636,557,561,644,565,686,571,650,676,578,658,584,681,590,665,598,686,667,607,615,686,670,622,548,672,552,686,631,555,557,670,638,559,686,564,645,672,570,684,578,651,676,585,660,590,682,595,664,602,683,666,610,618,682,666,626,549,554,665,683,555,634,558,665,562,641,685,569,648,577,670,585,655,591,675,595,661,680,601,663,606,679,663,613,622,661,678,544,548,629,552,660,554,680,636,560,566,662,643,574,581,649,668,588,654,593,673,598,659,603,675,663,610,674,660,617,536,625,541,657,547,632,551,655,556,638,563,571,662,643,577,584,648,668,591,654,596,672,600,658,607,673,660,613,620,657,537,627,542,657,547,632,551,559,659,637,566,574,665,640,579,586,647,669,593,653,596,672,603,657,610,657,616,622,658,541,546,628,659,550,556,632,562,663,569,635,575,667,639,580,586,645,671,590,649,596,603,652,610,657,616,545,622,660,548,552,627,556,663,560,631,565,666,570,634,575,670,638,579,584,643,589,647,594,600,653,607,658,613,551,619,662,556,559,625,561,665,563,629,565,669,568,634,571,577,582,587,591,650,596,655,604,659,610,617,562,664,563,564,623,668,564,628,564,566,569,574,578,584,591,655,597,656,603,662,608,614,565,566,620,565,564,565,567,570,575,584,591,599,603,608,614,566,568,567,566,565,564,568,575,584,593,600,605,610,567,566,563,564,570,579,588,597,602,608,566,564,562,567,574,583,592,600,606,562,564,571,579,589,597,604,563,568,575,585,593,600,568,573,581,591,597,567,573,579,588,596,563,572,578,586,594,570,577,584,584
1483300800,618,625,631,596,602,607,613,619,626,632,593,639,600,607,613,619,627,636,641,597,606,613,620,627,636,643,591,648,600,611,620,628,635,644,650,594,604,613,622,631,640,648,589,655,597,605,615,626,636,645,651,594,600,608,619,630,640,648,587,592,653,598,604,614,625,636,570,578,644,584,649,590,596,653,602,611,535,543,621,550,633,560,570,641,578,647,585,650,591,487,494,598,504,604,514,523,613,532,539,624,547,636,557,568,643,577,648,585,480,485,651,592,490,496,599,503,511,606,520,616,528,536,627,546,636,557,568,643,577,645,586,480,485,593,491,497,600,503,509,608,517,618,525,535,629,548,636,559,569,640,579,479,642,588,481,488,494,595,500,603,504,510,611,518,525,620,538,628,551,632,563,572,635,581,481,638,485,590,492,498,598,502,507,607,514,614,519,528,621,543,625,554,565,629,574,634,482,582,483,488,591,494,502,600,507,651,513,608,640,520,615,525,643,536,622,548,646,625,559,567,647,629,575,482,632,483,648,583,487,491,631,593,499,650,506,602,634,513,650,519,610,638,525,617,533,641,544,621,553,643,623,562,570,644,623,578,478,482,623,646,486,587,493,625,504,597,650,511,606,519,631,526,614,533,636,541,619,639,550,620,558,639,619,565,572,617,640,473,476,580,480,618,486,644,589,496,506,622,599,515,521,608,629,528,613,537,632,544,616,553,634,617,562,634,614,569,465,575,470,612,474,582,479,613,488,592,500,510,620,599,517,523,606,627,532,611,539,631,546,612,557,633,612,564,571,611,469,577,472,612,476,584,481,491,616,591,501,511,623,597,517,524,603,628,533,607,540,632,549,609,559,610,566,573,612,474,477,579,616,481,487,584,494,621,502,589,510,626,594,517,525,599,631,532,602,540,549,606,558,613,566,482,572,618,484,487,578,490,623,493,583,497,624,503,587,510,629,591,518,525,597,532,602,540,547,609,556,616,563,490,570,622,493,494,576,495,626,496,581,498,629,504,587,510,517,525,532,537,608,544,613,554,620,561,568,500,626,500,499,575,629,498,581,500,505,509,515,521,529,537,613,546,615,554,622,559,565,502,502,572,502,503,504,507,511,518,529,539,549,554,559,565,503,503,503,503,503,504,510,519,531,543,551,556,561,504,503,502,505,512,523,535,547,553,558,504,503,503,508,516,528,540,550,556,501,503,510,521,533,545,554,501,506,514,527,538,548,505,511,521,533,543,505,512,519,531,541,502,512,519,528,539,512,520,527,528
1483304400,547,556,561,524,531,538,542,546,554,560,520,567,528,536,543,547,553,560,568,524,534,541,548,556,562,569,516,577,526,537,548,557,565,572,578,518,529,540,552,563,571,580,514,588,522,531,544,556,568,578,585,518,526,536,549,562,572,582,509,516,589,523,531,543,555,567,490,497,576,505,584,512,521,591,528,538,454,462,551,472,562,480,489,572,499,579,508,586,516,398,408,524,419,531,432,444,542,452,459,554,468,568,479,490,575,501,582,512,387,395,588,519,402,411,526,420,434,534,442,546,449,455,558,467,568,479,491,575,504,580,514,387,395,522,404,412,528,421,430,537,439,549,445,455,560,469,567,481,494,573,509,383,579,517,388,398,406,524,415,531,422,429,541,437,445,550,457,558,470,565,484,498,571,509,385,576,392,519,402,410,527,416,423,535,430,543,438,448,551,461,558,475,488,564,500,570,384,510,388,396,519,404,413,529,419,593,426,537,576,434,545,444,579,455,553,467,582,559,480,491,585,564,501,382,567,386,589,512,392,400,566,523,408,592,416,532,569,423,592,430,540,574,440,548,451,578,463,553,473,581,556,482,493,584,557,504,379,385,557,588,391,516,400,560,412,528,591,419,537,427,567,436,545,449,572,460,551,577,470,551,477,580,551,485,496,550,582,371,376,507,382,551,390,586,519,402,412,556,529,421,429,538,565,440,543,453,569,464,546,473,573,549,481,575,546,489,361,498,369,545,374,509,380,548,391,522,404,413,557,529,422,431,535,564,445,540,456,567,466,543,475,570,545,484,493,545,368,503,371,546,375,512,381,391,551,520,402,413,560,525,421,432,530,564,446,536,458,567,468,542,478,544,487,497,547,375,377,506,550,380,386,512,395,555,404,515,413,561,519,423,434,526,564,445,532,457,466,539,477,547,487,384,497,552,385,388,504,390,557,394,508,400,559,409,510,416,562,517,425,435,526,445,534,455,466,542,476,550,485,393,494,555,397,398,500,400,559,402,506,406,562,412,514,418,427,436,446,455,541,465,547,475,552,483,491,407,559,407,407,500,562,408,509,411,413,418,427,436,446,456,545,466,547,474,554,481,490,410,411,502,412,413,414,418,426,438,447,457,469,475,483,492,410,411,414,413,414,417,425,436,446,459,470,477,486,415,414,413,416,426,437,449,463,471,480,417,415,411,417,428,441,455,467,475,413,413,420,433,448,463,473,413,417,426,441,454,467,417,424,435,448,460,414,421,431,442,454,411,421,428,438,449,422,430,435,437
1483308000,435,449,457,398,407,414,422,431,443,452,395,460,403,411,419,428,438,448,456,401,409,417,427,437,446,455,393,464,403,415,428,438,447,456,464,397,408,421,434,445,454,463,392,473,402,414,428,440,451,462,470,397,408,420,434,447,459,471,383,392,478,402,414,427,441,454,353,366,465,377,474,387,396,484,407,421,313,322,437,332,450,343,357,460,371,469,382,478,391,256,269,401,282,413,293,304,427,313,319,441,330,456,345,360,463,374,470,387,239,250,480,396,263,275,406,286,297,418,304,433,311,318,446,331,456,347,363,464,378,472,390,241,252,401,264,276,411,285,294,423,302,436,309,319,449,334,457,350,366,465,382,235,474,394,244,255,266,405,277,415,285,293,426,302,311,438,324,448,338,456,355,369,465,383,238,472,247,397,258,269,408,277,286,419,295,429,306,317,440,330,448,345,359,456,373,464,235,386,243,251,398,261,271,411,280,498,289,422,469,300,432,312,475,323,443,337,482,449,352,365,486,456,378,234,460,240,491,390,247,255,459,402,264,496,274,414,462,284,497,294,425,468,306,435,318,476,330,441,343,481,446,356,371,485,448,383,233,240,450,490,246,395,256,454,267,407,496,277,418,288,462,300,428,313,470,325,436,478,337,439,348,480,440,362,375,442,484,226,232,387,238,446,245,491,399,256,267,453,410,278,289,419,463,302,427,316,469,327,433,339,475,438,352,479,438,367,217,379,225,441,232,391,237,448,246,403,257,268,456,410,279,291,418,462,306,427,318,468,330,431,343,472,436,357,371,439,222,384,228,443,234,393,240,248,449,402,258,269,456,409,279,291,417,461,308,426,320,466,333,433,348,437,362,374,442,229,236,385,447,240,245,392,252,451,261,398,270,455,405,280,294,415,459,306,422,319,334,431,349,439,363,236,374,445,241,246,381,250,451,252,388,257,452,265,395,273,456,404,283,297,416,308,425,321,336,434,349,441,361,246,371,448,251,255,379,257,452,260,387,264,456,269,398,276,288,300,313,324,432,336,437,349,442,360,370,260,451,263,264,380,456,266,392,270,273,280,291,302,314,326,435,338,437,350,445,360,371,266,269,384,272,275,278,283,292,305,316,329,342,352,362,375,267,271,276,277,279,284,293,305,320,333,345,355,367,279,280,280,285,294,308,323,337,348,359,282,282,281,286,298,314,328,341,352,280,281,290,304,320,334,346,279,284,296,310,324,338,283,290,302,315,329,280,286,294,306,320,277,286,291,300,313,286,292,299,298
1483311600,211,226,236,156,168,180,193,206,220,230,152,239,161,174,189,200,213,227,234,157,168,182,197,209,222,233,153,242,163,177,193,206,218,233,241,159,171,184,199,214,227,241,155,250,166,178,195,206,223,237,248,160,171,184,199,215,232,246,145,155,258,166,178,192,208,224,119,130,239,142,252,149,160,265,172,186,90,97,202,105,217,113,124,232,135,246,145,259,155,60,65,166,71,179,77,84,193,90,97,209,106,225,116,128,237,139,250,150,52,56,265,161,61,67,173,73,79,187,84,201,91,99,217,108,232,119,132,242,144,256,155,52,57,167,63,68,180,73,79,193,85,208,93,101,223,111,236,123,135,248,149,49,262,160,53,59,64,173,69,186,74,80,199,87,96,213,105,227,115,240,128,139,252,152,50,262,55,165,60,65,179,70,76,192,83,205,91,100,219,109,231,121,132,243,144,254,48,156,52,57,170,62,67,183,72,321,79,196,276,87,210,96,288,105,224,116,300,235,128,138,309,246,149,47,255,50,315,161,54,58,259,175,63,321,68,188,267,74,323,82,200,279,90,214,100,292,111,225,121,301,235,132,142,309,243,154,48,51,250,316,55,166,59,259,65,180,323,70,192,77,272,85,204,96,284,106,216,296,116,226,127,302,234,137,147,242,308,44,48,159,52,252,55,317,171,60,66,264,184,72,79,196,277,88,207,100,287,109,217,121,295,228,132,301,236,142,42,153,46,246,49,164,52,259,57,179,62,68,270,188,74,82,199,279,92,210,103,288,113,220,125,292,231,136,147,242,44,157,48,252,51,168,54,59,262,180,64,69,272,189,76,85,200,279,96,213,106,285,118,226,130,237,141,151,248,47,50,161,258,53,57,171,61,264,66,180,72,271,191,78,87,202,277,97,214,109,121,228,133,242,144,46,154,252,50,53,163,57,261,60,172,64,265,70,182,74,271,193,81,90,207,100,221,112,125,234,135,244,146,49,156,254,53,56,167,60,261,64,175,68,268,72,186,77,85,94,104,115,232,127,239,139,247,150,159,56,258,59,62,169,266,67,181,72,75,81,89,97,109,119,236,131,241,142,252,153,162,61,65,173,70,74,78,84,92,102,112,124,136,146,156,166,63,67,72,79,81,87,95,106,120,129,140,150,162,75,79,83,90,99,109,121,132,143,156,77,81,85,93,102,114,125,137,150,82,87,96,106,118,131,144,84,91,101,111,123,136,88,95,106,117,128,85,91,99,110,122,82,89,95,104,116,86,93,101,92