country_code,year,vs mean,vs median
AUS,1985,58.98,64.65
AUS,1986,57.15,62.77
AUS,1987,57.49,62.95
AUS,1988,57.24,63.06
AUS,1989,56.15,62.33
AUS,1990,57.55,62.88
AUS,1991,58.99,64.96
AUS,1992,58.63,64.95
AUS,1993,55.43,62.10
AUS,1994,54.66,61.51
AUS,1995,54.19,61.40
AUS,1996,52.50,60.45
AUS,1997,51.27,59.90
AUS,1998,52.15,60.72
AUS,1999,50.91,59.11
AUS,2000,49.96,57.69
AUS,2001,49.51,58.14
AUS,2002,50.04,57.52
AUS,2003,49.82,58.31
AUS,2004,50.26,58.42
AUS,2005,49.48,57.46
AUS,2006,46.35,53.82
AUS,2007,45.47,54.47
AUS,2008,45.01,52.21
AUS,2009,44.61,54.38
AUS,2010,45.12,54.28
AUS,2011,45.16,53.57
AUS,2012,44.04,52.73
AUS,2013,43.79,53.96
AUS,2014,43.68,53.05
AUS,2015,44.29,53.30
AUS,2016,44.69,53.82
AUS,2017,44.78,54.25
AUS,2018,44.78,53.59
AUS,2019,44.57,53.84
AUS,2020,44.81,52.60
AUS,2021,43.57,51.54
AUS,2022,44.33,53.60
AUS,2023,46.56,55.17
AUS,2024,44.55,53.88
BEL,1975,46.47,54.59
BEL,1976,45.65,53.62
BEL,1977,45.23,53.13
BEL,1978,44.41,52.18
BEL,1979,43.74,51.38
BEL,1980,43.44,51.03
BEL,1981,44.96,52.82
BEL,1982,47.25,55.51
BEL,1983,48.17,56.59
BEL,1984,48.17,56.59
BEL,1985,48.09,56.49
BEL,1986,48.50,56.97
BEL,1987,48.24,56.67
BEL,1988,48.35,56.80
BEL,1989,47.87,56.24
BEL,1990,47.03,55.25
BEL,1991,47.11,55.34
BEL,1992,48.02,56.42
BEL,1993,47.96,56.35
BEL,1994,47.61,55.92
BEL,1995,47.66,55.99
BEL,1996,47.10,55.50
BEL,1997,46.30,54.72
BEL,1998,45.12,53.49
BEL,1999,44.16,51.97
BEL,2000,42.89,50.50
BEL,2001,42.19,49.62
BEL,2002,42.60,50.14
BEL,2003,42.13,48.76
BEL,2004,41.10,48.39
BEL,2005,41.19,48.30
BEL,2006,40.41,47.55
BEL,2007,40.53,47.90
BEL,2008,40.95,47.96
BEL,2009,41.48,49.43
BEL,2010,40.57,48.26
BEL,2011,40.67,48.64
BEL,2012,40.64,48.32
BEL,2013,41.26,49.36
BEL,2014,39.80,47.26
BEL,2015,39.54,45.33
BEL,2016,39.43,45.71
BEL,2017,39.44,45.28
BEL,2018,39.13,42.69
BEL,2019,38.52,41.99
BEL,2020,38.15,41.64
BEL,2021,37.60,41.04
BEL,2022,42.26,46.13
BEL,2023,44.65,48.73
BEL,2024,45.38,49.53
BGR,2006,40.40,54.50
BGR,2014,39.90,55.50
BGR,2018,42.28,57.31
BGR,2019,41.43,57.50
BGR,2020,41.08,56.16
BGR,2021,39.31,53.74
BGR,2022,37.78,51.64
BGR,2023,36.26,49.56
BGR,2024,37.61,51.41
CAN,1965,45.59,47.94
CAN,1966,43.78,46.34
CAN,1967,44.16,46.58
CAN,1968,43.37,45.96
CAN,1969,46.30,49.02
CAN,1970,46.05,48.73
CAN,1971,47.63,50.33
CAN,1972,46.49,49.07
CAN,1973,47.71,50.28
CAN,1974,49.05,51.75
CAN,1975,49.08,51.84
CAN,1976,48.92,51.71
CAN,1977,46.43,49.06
CAN,1978,44.85,47.36
CAN,1979,43.31,45.74
CAN,1980,41.01,43.32
CAN,1981,39.89,43.37
CAN,1982,37.51,42.11
CAN,1983,34.03,38.92
CAN,1984,33.98,39.27
CAN,1985,33.82,39.29
CAN,1986,33.56,37.95
CAN,1987,34.14,37.90
CAN,1988,34.53,38.08
CAN,1989,34.73,38.93
CAN,1990,35.01,38.43
CAN,1991,34.97,38.60
CAN,1992,36.46,39.56
CAN,1993,37.28,41.69
CAN,1994,38.01,41.77
CAN,1995,38.74,43.02
CAN,1996,38.84,43.33
CAN,1997,39.00,43.00
CAN,1998,38.78,42.26
CAN,1999,38.51,42.17
CAN,2000,37.64,41.40
CAN,2001,36.96,40.38
CAN,2002,36.33,40.24
CAN,2003,36.02,40.03
CAN,2004,35.87,39.39
CAN,2005,35.93,40.26
CAN,2006,35.45,40.00
CAN,2007,35.11,39.64
CAN,2008,35.90,41.44
CAN,2009,36.73,41.92
CAN,2010,37.92,42.83
CAN,2011,38.35,43.86
CAN,2012,38.62,44.02
CAN,2013,38.38,43.93
CAN,2014,38.65,43.99
CAN,2015,38.70,44.43
CAN,2016,38.99,44.23
CAN,2017,39.71,45.48
CAN,2018,43.86,51.40
CAN,2019,44.27,51.23
CAN,2020,42.98,48.87
CAN,2021,43.00,48.93
CAN,2022,43.05,49.06
CAN,2023,43.13,49.61
CAN,2024,43.14,49.88
CHL,2000,39.15,64.03
CHL,2003,43.71,70.89
CHL,2006,41.33,64.98
CHL,2009,43.91,70.70
CHL,2010,44.07,70.97
CHL,2011,42.99,67.41
CHL,2012,42.82,67.15
CHL,2013,44.67,67.17
CHL,2014,44.99,67.64
CHL,2015,46.30,66.21
CHL,2016,48.17,68.89
CHL,2017,47.28,70.26
CHL,2018,46.11,69.65
CHL,2019,45.76,70.26
CHL,2020,45.46,70.94
CHL,2021,44.62,73.13
CHL,2022,45.13,68.51
CHL,2023,46.16,70.07
CHL,2024,49.17,74.64
COL,2007,52.21,87.87
COL,2008,52.83,85.20
COL,2009,54.89,86.74
COL,2010,52.33,85.83
COL,2011,52.88,83.66
COL,2012,54.52,83.96
COL,2013,53.18,84.01
COL,2014,51.99,82.13
COL,2015,54.51,82.61
COL,2016,55.15,85.65
COL,2017,55.91,85.53
COL,2018,56.16,86.80
COL,2019,55.80,87.17
COL,2020,58.33,90.65
COL,2021,58.36,90.85
COL,2022,53.68,89.89
COL,2023,55.20,91.34
COL,2024,56.97,92.31
CRI,2010,61.12,75.27
CRI,2011,60.32,76.58
CRI,2012,63.75,78.17
CRI,2013,64.35,76.82
CRI,2014,60.25,74.62
CRI,2015,61.90,76.64
CRI,2016,61.40,77.50
CRI,2017,62.15,75.32
CRI,2018,62.13,75.66
CRI,2019,61.26,76.55
CRI,2020,65.03,78.89
CRI,2021,69.03,88.31
CRI,2022,69.38,87.92
CRI,2023,71.60,90.30
CRI,2024,70.17,87.11
CZE,1991,48.80,52.25
CZE,1992,43.83,46.93
CZE,1993,34.99,37.47
CZE,1994,29.52,31.60
CZE,1995,24.88,26.64
CZE,1996,22.59,25.59
CZE,1997,19.89,22.38
CZE,1998,19.83,22.65
CZE,1999,24.30,27.90
CZE,2000,27.98,32.44
CZE,2001,30.58,35.36
CZE,2002,33.77,39.06
CZE,2003,34.14,39.52
CZE,2004,35.04,40.30
CZE,2005,35.62,41.16
CZE,2006,36.41,42.37
CZE,2007,34.93,40.75
CZE,2008,32.62,38.35
CZE,2009,32.22,38.33
CZE,2010,31.97,37.68
CZE,2011,31.34,37.13
CZE,2012,30.73,36.37
CZE,2013,31.32,36.86
CZE,2014,31.71,37.21
CZE,2015,33.08,38.78
CZE,2016,34.07,39.63
CZE,2017,35.36,40.98
CZE,2018,36.22,41.80
CZE,2019,37.15,42.95
CZE,2020,37.90,43.90
CZE,2021,37.28,43.22
CZE,2022,37.32,43.29
CZE,2023,37.67,43.78
CZE,2024,38.62,45.28
DEU,2015,42.55,48.17
DEU,2016,41.88,47.15
DEU,2017,42.80,48.59
DEU,2018,41.24,46.43
DEU,2019,41.80,46.74
DEU,2020,41.16,46.24
DEU,2021,39.49,44.75
DEU,2022,42.12,48.10
DEU,2023,45.13,51.54
DEU,2024,46.82,50.55
ESP,1964,54.88,68.23
ESP,1965,46.75,58.25
ESP,1966,44.19,54.98
ESP,1967,50.95,63.47
ESP,1968,51.67,64.28
ESP,1969,49.14,61.16
ESP,1970,49.00,60.99
ESP,1971,49.36,61.36
ESP,1972,48.68,60.60
ESP,1973,48.66,60.56
ESP,1974,46.44,57.80
ESP,1975,45.20,56.24
ESP,1976,45.05,56.08
ESP,1977,42.38,52.76
ESP,1978,41.73,51.96
ESP,1979,39.72,49.45
ESP,1980,39.13,48.72
ESP,1981,37.03,46.09
ESP,1982,36.93,45.98
ESP,1983,36.81,45.83
ESP,1984,36.39,45.30
ESP,1985,35.53,44.23
ESP,1986,34.45,42.89
ESP,1987,33.78,42.06
ESP,1988,33.31,41.46
ESP,1989,33.38,41.56
ESP,1990,32.95,41.02
ESP,1991,32.62,40.61
ESP,1992,32.06,39.91
ESP,1993,31.35,39.03
ESP,1994,30.97,38.56
ESP,1995,30.68,38.19
ESP,1996,30.37,37.81
ESP,1997,29.90,37.22
ESP,1998,29.64,36.91
ESP,1999,29.38,36.59
ESP,2000,29.27,36.45
ESP,2001,28.93,36.03
ESP,2002,28.36,35.32
ESP,2003,27.76,34.58
ESP,2004,28.38,35.34
ESP,2005,29.64,36.91
ESP,2006,31.21,38.69
ESP,2007,31.64,39.22
ESP,2008,31.60,39.17
ESP,2009,31.55,39.10
ESP,2010,31.69,37.74
ESP,2011,32.07,38.19
ESP,2012,31.92,38.01
ESP,2013,31.80,37.87
ESP,2014,31.23,36.99
ESP,2015,31.30,37.07
ESP,2016,31.81,37.68
ESP,2017,33.76,39.99
ESP,2018,34.31,41.01
ESP,2019,41.46,49.55
ESP,2020,43.05,51.45
ESP,2021,40.55,48.46
ESP,2022,42.64,50.99
ESP,2023,43.97,52.57
ESP,2024,44.65,53.39
EST,1999,27.05,33.56
EST,2000,27.54,34.16
EST,2001,28.12,34.88
EST,2002,29.70,36.84
EST,2003,31.69,39.31
EST,2004,33.65,41.75
EST,2005,32.36,40.15
EST,2006,30.25,37.04
EST,2007,29.76,35.78
EST,2008,32.41,37.83
EST,2009,34.13,39.83
EST,2010,33.95,40.41
EST,2011,32.06,38.16
EST,2012,31.63,37.66
EST,2013,32.62,38.83
EST,2014,34.04,39.89
EST,2015,35.28,41.35
EST,2016,36.15,42.37
EST,2017,37.09,43.47
EST,2018,36.78,43.10
EST,2019,36.98,43.34
EST,2020,38.86,45.54
EST,2021,36.35,42.60
EST,2022,34.33,40.55
EST,2023,34.18,40.13
EST,2024,35.75,41.85
FRA,1960,42.79,50.28
FRA,1961,40.77,49.38
FRA,1962,38.54,45.14
FRA,1963,37.95,47.87
FRA,1964,36.29,44.86
FRA,1965,35.61,44.28
FRA,1966,34.70,43.56
FRA,1967,33.99,42.38
FRA,1968,38.87,48.56
FRA,1969,41.21,51.22
FRA,1970,40.47,50.07
FRA,1971,40.36,49.50
FRA,1972,40.91,50.07
FRA,1973,43.01,52.44
FRA,1974,45.21,55.39
FRA,1975,46.90,57.59
FRA,1976,45.90,56.14
FRA,1977,46.58,56.68
FRA,1978,46.39,56.30
FRA,1979,47.05,56.59
FRA,1980,47.46,56.81
FRA,1981,49.86,59.88
FRA,1982,51.11,61.55
FRA,1983,51.41,62.01
FRA,1984,51.69,62.41
FRA,1985,51.22,61.82
FRA,1986,49.94,60.74
FRA,1987,50.10,60.84
FRA,1988,49.72,60.20
FRA,1989,49.05,59.66
FRA,1990,48.63,59.08
FRA,1991,49.02,59.49
FRA,1992,49.24,59.47
FRA,1993,48.64,58.78
FRA,1994,48.95,59.29
FRA,1995,48.61,59.39
FRA,1996,49.18,59.84
FRA,1997,49.74,60.47
FRA,1998,50.74,61.61
FRA,1999,50.33,61.56
FRA,2000,50.16,61.70
FRA,2001,50.88,63.12
FRA,2002,51.08,63.17
FRA,2003,51.70,63.87
FRA,2004,53.04,65.77
FRA,2005,54.11,67.03
FRA,2006,51.05,63.37
FRA,2007,50.76,63.31
FRA,2008,50.66,62.95
FRA,2009,50.88,62.75
FRA,2010,50.27,62.11
FRA,2011,50.08,61.98
FRA,2012,50.90,63.07
FRA,2013,50.68,62.81
FRA,2014,50.51,62.59
FRA,2015,50.31,62.34
FRA,2016,50.04,62.01
FRA,2017,49.86,61.79
FRA,2018,49.72,61.61
FRA,2019,49.63,61.50
FRA,2020,49.38,61.19
FRA,2021,49.20,60.97
FRA,2022,49.14,60.89
FRA,2023,50.21,62.22
FRA,2024,50.42,62.48
GBR,2000,34.06,40.86
GBR,2001,33.09,40.17
GBR,2002,34.83,42.58
GBR,2003,34.54,42.17
GBR,2004,35.63,43.10
GBR,2005,36.91,45.03
GBR,2006,37.11,45.41
GBR,2007,38.21,46.64
GBR,2008,37.78,46.08
GBR,2009,38.02,46.14
GBR,2010,37.98,46.14
GBR,2011,38.46,46.91
GBR,2012,39.05,47.39
GBR,2013,38.98,47.14
GBR,2014,39.81,47.95
GBR,2015,40.57,48.69
GBR,2016,43.77,52.71
GBR,2017,44.35,53.57
GBR,2018,44.79,54.49
GBR,2019,45.54,55.10
GBR,2020,47.60,57.56
GBR,2021,47.57,56.97
GBR,2022,48.64,57.93
GBR,2023,49.64,59.20
GBR,2024,50.96,61.11
GRC,1962,54.33,65.20
GRC,1963,56.33,67.60
GRC,1964,53.86,62.83
GRC,1965,47.12,62.83
GRC,1966,49.44,63.57
GRC,1967,49.60,62.00
GRC,1968,59.90,74.88
GRC,1969,51.67,68.89
GRC,1970,61.00,73.20
GRC,1971,58.62,76.20
GRC,1972,53.67,73.18
GRC,1973,53.65,70.15
GRC,1974,57.62,71.18
GRC,1975,54.44,70.00
GRC,1976,51.44,64.78
GRC,1977,49.46,63.38
GRC,1978,49.02,62.50
GRC,1979,46.85,60.52
GRC,1980,44.95,57.48
GRC,1981,43.64,55.95
GRC,1982,50.50,64.59
GRC,1983,48.62,62.35
GRC,1984,48.49,62.47
GRC,1985,47.70,61.48
GRC,1986,46.90,60.23
GRC,1987,47.24,60.47
GRC,1988,46.62,59.89
GRC,1989,45.84,58.86
GRC,1990,45.53,58.58
GRC,1991,44.14,56.72
GRC,1992,43.15,55.42
GRC,1993,43.67,56.11
GRC,1994,43.51,55.94
GRC,1995,42.05,54.03
GRC,1996,42.42,54.47
GRC,1997,42.61,54.71
GRC,1998,39.91,51.23
GRC,1999,39.58,50.81
GRC,2000,37.64,48.31
GRC,2001,36.48,46.81
GRC,2002,36.49,46.84
GRC,2003,32.61,41.86
GRC,2004,32.69,41.97
GRC,2005,34.08,43.75
GRC,2006,31.93,43.65
GRC,2007,32.54,44.50
GRC,2008,33.76,46.16
GRC,2009,33.89,46.34
GRC,2010,39.65,46.54
GRC,2011,41.40,48.58
GRC,2012,35.00,41.08
GRC,2013,36.92,43.33
GRC,2014,35.74,42.08
GRC,2015,35.97,42.35
GRC,2016,37.33,43.96
GRC,2017,36.96,43.52
GRC,2018,36.38,45.50
GRC,2019,40.10,50.15
GRC,2020,40.62,50.80
GRC,2021,39.97,49.99
GRC,2022,36.32,45.29
GRC,2023,37.68,46.98
GRC,2024,38.89,48.50
HRV,2010,37.74,45.39
HRV,2014,37.95,44.51
HRV,2018,38.58,45.57
HRV,2019,39.71,46.20
HRV,2020,40.02,45.80
HRV,2021,40.19,46.07
HRV,2022,40.92,46.62
HRV,2023,40.11,45.00
HRV,2024,41.99,46.89
HUN,1988,32.41,36.76
HUN,1989,33.80,39.01
HUN,1990,36.74,42.99
HUN,1991,37.08,44.01
HUN,1992,35.61,42.64
HUN,1993,33.09,40.39
HUN,1994,29.13,35.96
HUN,1995,29.65,36.53
HUN,1996,30.04,37.57
HUN,1997,32.56,37.36
HUN,1998,28.09,35.87
HUN,1999,27.75,35.85
HUN,2000,27.86,36.49
HUN,2001,38.29,50.04
HUN,2002,42.74,56.98
HUN,2003,35.91,46.73
HUN,2004,35.60,47.27
HUN,2005,35.15,46.33
HUN,2006,35.62,47.67
HUN,2007,34.39,46.74
HUN,2008,34.17,46.00
HUN,2009,34.20,46.66
HUN,2010,34.71,47.42
HUN,2011,36.29,49.50
HUN,2012,39.65,53.90
HUN,2013,40.15,53.86
HUN,2014,40.21,53.56
HUN,2015,39.67,52.50
HUN,2016,39.05,51.20
HUN,2017,40.13,52.06
HUN,2018,40.12,50.60
HUN,2019,37.86,49.37
HUN,2020,37.25,48.36
HUN,2021,35.12,45.53
HUN,2022,36.40,47.73
HUN,2023,37.15,48.09
HUN,2024,38.79,50.21
IRL,2000,40.51,48.01
IRL,2001,30.55,37.19
IRL,2002,29.93,36.46
IRL,2003,29.92,36.43
IRL,2004,30.84,37.45
IRL,2005,32.02,38.46
IRL,2006,34.84,42.13
IRL,2007,35.27,42.73
IRL,2008,35.04,42.12
IRL,2009,30.69,37.61
IRL,2010,37.02,45.34
IRL,2011,36.70,44.43
IRL,2012,37.52,45.34
IRL,2013,36.48,44.65
IRL,2014,33.84,40.46
IRL,2015,33.40,39.23
IRL,2016,35.00,42.35
IRL,2017,35.31,42.16
IRL,2018,38.97,49.66
IRL,2019,38.34,48.83
IRL,2020,37.15,47.84
IRL,2021,36.63,47.18
IRL,2022,34.42,45.49
IRL,2023,35.51,46.94
IRL,2024,37.91,50.11
ISR,2000,0.00,0.00
ISR,2001,39.11,53.82
ISR,2002,39.44,54.26
ISR,2003,41.22,55.18
ISR,2004,40.45,54.07
ISR,2005,39.90,54.42
ISR,2006,41.15,56.63
ISR,2007,41.37,57.30
ISR,2008,40.99,57.01
ISR,2009,41.30,56.35
ISR,2010,41.05,55.76
ISR,2011,41.57,56.00
ISR,2012,41.50,56.08
ISR,2013,42.04,57.49
ISR,2014,41.09,54.85
ISR,2015,42.37,57.03
ISR,2016,43.03,57.66
ISR,2017,43.78,58.00
ISR,2018,44.33,58.08
ISR,2019,44.20,58.89
ISR,2020,42.43,54.53
ISR,2021,41.31,53.13
ISR,2022,40.05,51.44
ISR,2023,38.80,49.83
ISR,2024,38.94,50.00
JPN,1975,24.75,27.63
JPN,1976,25.74,28.74
JPN,1977,25.67,28.53
JPN,1978,26.52,29.51
JPN,1979,27.19,30.14
JPN,1980,26.82,29.74
JPN,1981,26.82,29.80
JPN,1982,27.16,30.26
JPN,1983,27.79,31.12
JPN,1984,27.99,31.13
JPN,1985,27.27,31.14
JPN,1986,27.44,31.16
JPN,1987,27.62,31.17
JPN,1988,27.49,31.11
JPN,1989,26.89,30.64
JPN,1990,26.24,29.95
JPN,1991,25.51,28.99
JPN,1992,25.76,29.31
JPN,1993,25.53,28.97
JPN,1994,26.28,29.87
JPN,1995,26.87,30.55
JPN,1996,26.93,30.60
JPN,1997,26.90,30.60
JPN,1998,27.37,31.09
JPN,1999,28.07,31.83
JPN,2000,28.39,32.22
JPN,2001,28.31,32.12
JPN,2002,28.63,32.55
JPN,2003,29.17,33.08
JPN,2004,29.55,33.59
JPN,2005,29.31,33.45
JPN,2006,29.65,33.84
JPN,2007,29.77,34.08
JPN,2008,30.36,34.64
JPN,2009,31.55,36.18
JPN,2010,32.63,37.31
JPN,2011,33.30,38.18
JPN,2012,33.30,38.33
JPN,2013,33.92,39.01
JPN,2014,34.15,39.29
JPN,2015,33.86,39.08
JPN,2016,34.60,39.72
JPN,2017,35.79,41.08
JPN,2018,36.23,41.65
JPN,2019,36.24,41.67
JPN,2020,38.83,44.71
JPN,2021,38.93,44.47
JPN,2022,39.78,45.45
JPN,2023,40.49,46.06
JPN,2024,40.67,46.79
KOR,1988,26.00,32.96
KOR,1989,27.97,34.65
KOR,1990,27.36,33.67
KOR,1991,27.34,33.31
KOR,1992,26.11,30.82
KOR,1993,25.70,30.08
KOR,1994,25.33,29.13
KOR,1995,23.92,27.78
KOR,1996,23.06,27.21
KOR,1997,23.23,27.12
KOR,1998,24.31,28.50
KOR,1999,24.95,29.46
KOR,2000,23.81,28.80
KOR,2001,26.09,31.81
KOR,2002,27.31,33.42
KOR,2003,27.30,34.00
KOR,2004,28.22,35.31
KOR,2005,29.78,37.29
KOR,2006,30.62,38.92
KOR,2007,33.35,42.86
KOR,2008,34.13,43.60
KOR,2009,35.91,45.20
KOR,2010,35.86,45.07
KOR,2011,35.82,45.48
KOR,2012,34.11,42.94
KOR,2013,35.06,44.22
KOR,2014,35.71,45.85
KOR,2015,37.83,48.59
KOR,2016,39.72,50.41
KOR,2017,41.43,52.84
KOR,2018,46.09,58.57
KOR,2019,49.45,62.66
KOR,2020,49.56,62.45
KOR,2021,48.90,61.36
KOR,2022,47.85,60.86
KOR,2023,48.12,60.95
KOR,2024,47.85,60.50
LTU,1997,41.07,51.27
LTU,1998,38.33,47.86
LTU,1999,37.17,46.41
LTU,2000,37.80,47.20
LTU,2001,37.36,46.65
LTU,2002,36.20,45.19
LTU,2003,34.77,43.41
LTU,2004,35.91,44.83
LTU,2005,35.13,43.86
LTU,2006,33.72,41.94
LTU,2007,31.65,39.36
LTU,2008,32.62,40.57
LTU,2009,34.14,42.46
LTU,2010,39.73,49.83
LTU,2011,38.61,48.42
LTU,2012,38.49,48.27
LTU,2013,44.48,55.78
LTU,2014,41.38,51.17
LTU,2015,41.92,51.84
LTU,2016,45.15,55.84
LTU,2017,43.32,53.57
LTU,2018,41.19,49.69
LTU,2019,40.75,49.17
LTU,2020,40.43,48.78
LTU,2021,38.70,46.69
LTU,2022,39.72,47.53
LTU,2023,40.71,48.72
LTU,2024,40.55,48.52
LUX,1960,45.01,52.37
LUX,1961,43.29,50.37
LUX,1962,39.89,46.42
LUX,1963,40.52,47.15
LUX,1964,40.54,47.17
LUX,1965,38.23,44.48
LUX,1966,37.71,43.87
LUX,1967,38.21,44.46
LUX,1968,37.58,43.72
LUX,1969,36.58,42.56
LUX,1970,35.21,40.97
LUX,1971,38.24,44.49
LUX,1972,35.29,41.06
LUX,1973,39.84,46.36
LUX,1974,34.38,40.00
LUX,1975,40.46,47.07
LUX,1976,38.45,44.74
LUX,1977,39.76,46.27
LUX,1978,40.53,47.16
LUX,1979,40.26,46.84
LUX,1980,39.74,46.24
LUX,1981,42.00,48.87
LUX,1982,42.37,49.30
LUX,1983,42.77,49.76
LUX,1984,43.85,51.03
LUX,1985,43.74,50.89
LUX,1986,43.92,51.10
LUX,1987,43.76,50.92
LUX,1988,41.64,48.45
LUX,1989,42.47,49.42
LUX,1990,43.29,50.37
LUX,1991,44.98,52.34
LUX,1992,44.44,51.70
LUX,1993,45.37,52.79
LUX,1994,44.75,52.07
LUX,1995,46.07,53.60
LUX,1996,46.75,54.39
LUX,1997,47.53,55.30
LUX,1998,45.86,53.36
LUX,1999,45.20,52.60
LUX,2000,44.71,52.02
LUX,2001,45.78,53.27
LUX,2002,44.90,52.24
LUX,2003,45.79,53.27
LUX,2004,45.01,52.36
LUX,2005,45.31,52.72
LUX,2006,44.97,53.82
LUX,2007,45.26,54.16
LUX,2008,44.59,53.36
LUX,2009,45.31,54.23
LUX,2010,45.65,55.41
LUX,2011,46.02,55.86
LUX,2012,45.72,55.51
LUX,2013,45.17,54.83
LUX,2014,44.64,55.00
LUX,2015,44.23,54.48
LUX,2016,43.88,54.06
LUX,2017,44.17,54.42
LUX,2018,43.31,54.72
LUX,2019,43.91,55.48
LUX,2020,42.63,53.86
LUX,2021,43.42,54.85
LUX,2022,42.23,53.37
LUX,2023,43.03,54.37
LUX,2024,42.83,54.11
LVA,1997,24.14,33.91
LVA,1998,24.02,33.73
LVA,1999,27.03,37.96
LVA,2000,25.50,35.82
LVA,2001,26.32,36.98
LVA,2002,26.50,37.22
LVA,2003,33.45,43.38
LVA,2004,34.92,45.28
LVA,2005,30.08,39.01
LVA,2006,27.45,35.60
LVA,2007,28.60,36.63
LVA,2008,31.58,40.45
LVA,2009,36.99,47.37
LVA,2010,38.23,48.97
LVA,2011,40.55,50.65
LVA,2012,39.10,48.84
LVA,2013,37.37,46.68
LVA,2014,39.41,49.23
LVA,2015,41.49,51.83
LVA,2016,40.61,50.72
LVA,2017,38.68,48.31
LVA,2018,37.56,46.74
LVA,2019,35.03,43.88
LVA,2020,32.99,41.76
LVA,2021,34.93,43.99
LVA,2022,33.99,40.98
LVA,2023,37.65,44.85
LVA,2024,38.78,45.71
MEX,1965,70.03,
MEX,1970,83.00,
MEX,1975,76.40,
MEX,1976,68.18,
MEX,1977,77.62,
MEX,1978,82.07,
MEX,1979,80.67,
MEX,1980,77.15,
MEX,1981,78.22,
MEX,1982,61.96,
MEX,1983,70.43,
MEX,1984,68.43,
MEX,1985,72.01,
MEX,1986,73.03,
MEX,1987,62.79,
MEX,1988,58.92,
MEX,1989,54.28,
MEX,1990,48.80,
MEX,1991,45.49,
MEX,1992,41.04,
MEX,1993,39.25,
MEX,1994,38.07,
MEX,1995,38.89,
MEX,1996,39.42,
MEX,1997,38.58,
MEX,1998,37.41,
MEX,1999,35.22,
MEX,2000,33.10,
MEX,2001,31.49,
MEX,2002,30.85,
MEX,2003,30.25,
MEX,2004,29.93,
MEX,2005,29.92,38.12
MEX,2006,29.08,37.64
MEX,2007,28.26,36.66
MEX,2008,28.64,36.17
MEX,2009,28.35,36.76
MEX,2010,26.55,34.86
MEX,2011,27.05,36.29
MEX,2012,27.31,36.33
MEX,2013,27.49,36.82
MEX,2014,28.66,37.47
MEX,2015,29.88,38.66
MEX,2016,30.33,38.44
MEX,2017,31.99,40.02
MEX,2018,33.70,42.22
MEX,2019,37.11,46.00
MEX,2020,41.28,51.34
MEX,2021,45.04,56.68
MEX,2022,51.13,63.03
MEX,2023,55.16,68.32
MEX,2024,59.17,73.70
NLD,1960,68.55,
NLD,1961,66.11,
NLD,1962,63.35,
NLD,1963,67.59,
NLD,1964,62.32,69.53
NLD,1965,62.96,70.24
NLD,1966,61.30,68.40
NLD,1967,61.01,68.06
NLD,1968,59.51,66.39
NLD,1969,58.72,65.52
NLD,1970,55.53,61.94
NLD,1971,54.72,61.04
NLD,1972,56.20,62.70
NLD,1973,57.09,63.68
NLD,1974,57.89,64.58
NLD,1975,59.71,66.62
NLD,1976,61.69,68.83
NLD,1977,59.26,66.12
NLD,1978,60.51,67.51
NLD,1979,59.26,66.10
NLD,1980,59.21,66.05
NLD,1981,57.88,64.57
NLD,1982,57.13,63.73
NLD,1983,57.53,64.19
NLD,1984,55.29,61.69
NLD,1985,55.16,61.54
NLD,1986,54.23,60.50
NLD,1987,53.62,59.82
NLD,1988,52.95,59.07
NLD,1989,51.86,57.85
NLD,1990,50.57,56.41
NLD,1991,50.45,56.28
NLD,1992,49.77,55.52
NLD,1993,48.62,54.25
NLD,1994,47.77,53.30
NLD,1995,47.08,52.52
NLD,1996,47.02,52.45
NLD,1997,46.40,51.77
NLD,1998,48.91,54.56
NLD,1999,48.33,53.92
NLD,2000,47.38,52.85
NLD,2001,47.88,53.41
NLD,2002,42.40,47.67
NLD,2003,42.28,47.54
NLD,2004,41.60,46.77
NLD,2005,40.77,45.84
NLD,2006,42.48,49.26
NLD,2007,42.03,48.73
NLD,2008,42.05,48.76
NLD,2009,42.28,49.02
NLD,2010,40.66,47.33
NLD,2011,40.35,46.97
NLD,2012,40.34,46.96
NLD,2013,40.03,46.60
NLD,2014,39.52,46.90
NLD,2015,39.29,46.62
NLD,2016,39.57,46.95
NLD,2017,39.88,47.32
NLD,2018,39.65,47.13
NLD,2019,39.69,47.18
NLD,2020,39.22,46.62
NLD,2021,39.04,46.41
NLD,2022,37.66,44.77
NLD,2023,39.93,47.47
NLD,2024,40.62,48.29
NZL,1960,70.54,78.37
NZL,1961,66.72,74.81
NZL,1962,66.88,74.74
NZL,1963,64.34,71.58
NZL,1964,65.27,73.21
NZL,1965,60.87,67.72
NZL,1966,58.89,65.27
NZL,1967,57.94,64.68
NZL,1968,58.75,65.28
NZL,1969,60.19,67.01
NZL,1970,54.17,60.19
NZL,1971,47.87,53.57
NZL,1972,42.99,47.87
NZL,1973,62.85,69.88
NZL,1974,58.17,64.71
NZL,1975,58.38,64.72
NZL,1976,57.32,63.82
NZL,1977,53.50,59.42
NZL,1978,54.71,60.85
NZL,1979,48.78,54.27
NZL,1980,42.91,47.71
NZL,1981,36.40,40.55
NZL,1982,32.51,36.14
NZL,1983,31.25,34.77
NZL,1984,29.91,33.28
NZL,1985,40.18,44.66
NZL,1986,47.86,53.24
NZL,1987,51.04,56.78
NZL,1988,49.25,54.80
NZL,1989,47.77,53.17
NZL,1990,46.38,51.61
NZL,1991,46.72,52.04
NZL,1992,45.99,51.18
NZL,1993,46.06,51.25
NZL,1994,45.37,50.48
NZL,1995,44.78,49.81
NZL,1996,43.05,47.89
NZL,1997,45.94,51.11
NZL,1998,44.50,48.95
NZL,1999,43.16,48.28
NZL,2000,45.18,50.34
NZL,2001,44.91,51.13
NZL,2002,45.68,51.59
NZL,2003,46.07,53.07
NZL,2004,46.76,53.27
NZL,2005,47.28,54.40
NZL,2006,49.17,56.00
NZL,2007,49.37,57.35
NZL,2008,50.51,59.05
NZL,2009,51.43,59.09
NZL,2010,50.66,58.80
NZL,2011,50.37,58.82
NZL,2012,51.01,59.47
NZL,2013,50.52,59.14
NZL,2014,50.85,59.86
NZL,2015,51.01,60.06
NZL,2016,51.39,60.52
NZL,2017,51.84,60.37
NZL,2018,52.31,61.40
NZL,2019,54.99,64.44
NZL,2020,55.57,64.65
NZL,2021,57.19,67.61
NZL,2022,57.20,67.42
NZL,2023,56.82,66.54
NZL,2024,57.53,68.65
POL,1989,8.19,9.70
POL,1990,13.95,16.74
POL,1991,33.44,39.97
POL,1992,39.51,47.26
POL,1993,38.92,46.48
POL,1994,39.15,46.79
POL,1995,40.02,47.81
POL,1996,43.54,47.57
POL,1997,41.90,47.65
POL,1998,38.33,45.39
POL,1999,29.33,35.50
POL,2000,32.70,39.64
POL,2001,34.29,41.62
POL,2002,34.08,41.74
POL,2003,34.95,43.10
POL,2004,34.79,43.20
POL,2005,33.88,42.13
POL,2006,33.87,42.20
POL,2007,32.07,39.61
POL,2008,34.84,42.66
POL,2009,37.46,45.86
POL,2010,37.17,45.31
POL,2011,37.11,45.23
POL,2012,38.50,48.15
POL,2013,39.63,49.56
POL,2014,40.90,51.04
POL,2015,41.10,51.28
POL,2016,42.56,52.70
POL,2017,43.60,53.98
POL,2018,41.97,51.28
POL,2019,41.85,51.15
POL,2020,45.23,55.29
POL,2021,43.92,53.82
POL,2022,42.99,52.79
POL,2023,44.01,54.04
POL,2024,48.16,59.13
PRT,1975,49.70,69.99
PRT,1976,42.97,60.59
PRT,1977,40.97,57.76
PRT,1978,41.44,58.46
PRT,1979,41.25,58.19
PRT,1980,42.43,59.84
PRT,1981,41.87,59.08
PRT,1982,39.96,56.35
PRT,1983,40.82,57.60
PRT,1984,41.85,59.04
PRT,1985,42.07,59.35
PRT,1986,41.72,58.85
PRT,1987,40.72,57.45
PRT,1988,39.15,55.22
PRT,1989,37.77,53.28
PRT,1990,37.36,52.71
PRT,1991,37.48,52.87
PRT,1992,36.52,51.53
PRT,1993,37.35,52.70
PRT,1994,36.89,52.04
PRT,1995,36.73,51.81
PRT,1996,36.24,51.13
PRT,1997,34.29,48.38
PRT,1998,34.04,48.03
PRT,1999,34.82,49.12
PRT,2000,34.85,49.16
PRT,2001,34.57,48.77
PRT,2002,35.93,50.68
PRT,2003,35.54,50.13
PRT,2004,35.68,50.33
PRT,2005,35.44,49.99
PRT,2006,32.55,47.40
PRT,2007,32.75,47.69
PRT,2008,33.38,48.60
PRT,2009,34.25,49.87
PRT,2010,35.93,52.78
PRT,2011,35.89,52.73
PRT,2012,35.53,52.20
PRT,2013,35.59,52.28
PRT,2014,39.21,54.87
PRT,2015,40.28,56.37
PRT,2016,41.85,58.56
PRT,2017,42.99,60.16
PRT,2018,44.53,63.26
PRT,2019,43.38,61.20
PRT,2020,43.24,60.57
PRT,2021,42.65,59.31
PRT,2022,42.59,58.80
PRT,2023,42.49,58.67
PRT,2024,42.62,58.85
ROU,1960,31.83,41.31
ROU,1961,31.02,40.27
ROU,1962,34.44,44.70
ROU,1963,32.45,42.12
ROU,1964,31.18,40.47
ROU,1965,30.47,39.55
ROU,1966,31.70,41.14
ROU,1967,34.26,44.46
ROU,1968,38.11,49.47
ROU,1969,36.67,47.60
ROU,1970,36.96,47.97
ROU,1971,36.95,47.97
ROU,1972,39.92,51.81
ROU,1973,43.47,56.43
ROU,1974,43.31,56.22
ROU,1975,43.85,56.92
ROU,1976,41.52,53.89
ROU,1977,38.79,50.35
ROU,1978,34.79,45.15
ROU,1979,35.68,46.31
ROU,1980,37.34,48.47
ROU,1981,35.71,46.35
ROU,1982,33.09,42.96
ROU,1983,32.58,42.29
ROU,1984,31.61,41.04
ROU,1985,31.03,40.27
ROU,1986,30.73,39.88
ROU,1987,30.54,39.65
ROU,1988,34.75,45.10
ROU,1989,38.41,49.86
ROU,1990,33.89,43.99
ROU,1991,38.89,50.48
ROU,1992,30.48,39.57
ROU,1993,25.46,33.05
ROU,1994,22.07,28.65
ROU,1995,17.86,23.18
ROU,1996,13.42,17.42
ROU,1997,20.14,26.15
ROU,1998,19.86,25.78
ROU,1999,18.71,24.28
ROU,2000,19.52,25.34
ROU,2001,28.64,37.18
ROU,2002,28.55,37.06
ROU,2003,34.91,45.79
ROU,2004,33.42,43.83
ROU,2005,31.66,41.53
ROU,2006,27.94,37.14
ROU,2007,26.28,38.08
ROU,2008,28.24,40.66
ROU,2009,31.71,43.52
ROU,2010,31.51,42.65
ROU,2011,33.12,45.49
ROU,2012,32.54,45.25
ROU,2013,34.85,47.71
ROU,2014,37.54,51.39
ROU,2015,40.11,54.91
ROU,2016,40.73,55.75
ROU,2017,43.59,59.66
ROU,2018,42.66,58.39
ROU,2019,41.32,56.56
ROU,2020,41.65,57.01
ROU,2021,40.11,54.90
ROU,2022,39.96,54.70
ROU,2023,41.05,56.20
ROU,2024,41.46,56.75
SVK,1991,47.77,58.76
SVK,1992,43.71,53.68
SVK,1993,37.93,46.65
SVK,1994,35.04,43.24
SVK,1995,30.68,37.81
SVK,1996,29.17,35.86
SVK,1997,26.35,32.46
SVK,1998,28.62,35.32
SVK,1999,31.54,38.95
SVK,2000,34.11,42.01
SVK,2001,35.06,43.22
SVK,2002,34.04,41.80
SVK,2003,36.31,44.75
SVK,2004,35.10,44.19
SVK,2005,34.61,43.22
SVK,2006,34.66,44.54
SVK,2007,34.55,44.31
SVK,2008,33.65,42.83
SVK,2009,35.53,45.36
SVK,2010,35.65,45.69
SVK,2011,35.78,45.67
SVK,2012,35.78,45.12
SVK,2013,35.96,45.54
SVK,2014,35.41,45.11
SVK,2015,36.91,47.30
SVK,2016,37.52,47.72
SVK,2017,38.16,47.97
SVK,2018,39.40,49.29
SVK,2019,39.85,49.38
SVK,2020,41.96,51.77
SVK,2021,44.00,52.41
SVK,2022,42.65,50.76
SVK,2023,42.64,50.76
SVK,2024,42.85,51.02
SVN,2005,43.13,51.18
SVN,2006,42.08,51.18
SVN,2007,40.72,49.52
SVN,2008,40.62,49.40
SVN,2009,40.74,49.55
SVN,2010,48.03,58.99
SVN,2011,49.37,60.63
SVN,2012,50.49,62.00
SVN,2013,51.93,63.77
SVN,2014,49.48,60.02
SVN,2015,49.29,59.80
SVN,2016,48.40,58.72
SVN,2017,47.99,58.21
SVN,2018,48.70,58.24
SVN,2019,49.12,58.74
SVN,2020,49.17,58.81
SVN,2021,50.52,60.41
SVN,2022,51.58,61.69
SVN,2023,52.64,62.95
SVN,2024,50.81,60.76
TUR,1970,43.82,82.72
TUR,1971,33.04,62.36
TUR,1972,32.93,62.16
TUR,1973,37.27,70.34
TUR,1974,37.67,71.10
TUR,1975,35.48,66.97
TUR,1976,33.85,63.90
TUR,1977,30.46,57.50
TUR,1978,36.87,69.60
TUR,1979,33.59,63.40
TUR,1980,25.12,47.42
TUR,1981,26.58,50.16
TUR,1982,23.32,44.01
TUR,1983,27.20,51.35
TUR,1984,27.59,52.07
TUR,1985,25.42,47.98
TUR,1986,27.35,51.63
TUR,1987,25.94,48.96
TUR,1988,27.63,52.15
TUR,1989,20.51,38.72
TUR,1990,19.72,37.22
TUR,1991,16.28,30.73
TUR,1992,17.64,33.30
TUR,1993,18.42,34.77
TUR,1994,18.64,35.18
TUR,1995,20.48,38.65
TUR,1996,25.04,47.26
TUR,1997,27.25,51.43
TUR,1998,24.23,45.75
TUR,1999,28.68,54.14
TUR,2000,24.27,45.81
TUR,2001,24.38,46.02
TUR,2002,28.20,53.24
TUR,2003,31.04,58.58
TUR,2004,39.21,74.02
TUR,2005,39.44,74.45
TUR,2006,38.43,72.54
TUR,2007,37.90,71.54
TUR,2008,37.56,70.91
TUR,2009,37.76,71.27
TUR,2010,38.51,69.77
TUR,2011,39.39,71.37
TUR,2012,40.25,72.94
TUR,2013,39.86,72.22
TUR,2014,39.34,68.96
TUR,2015,39.89,69.92
TUR,2016,42.75,74.93
TUR,2017,40.69,71.32
TUR,2018,40.50,70.98
TUR,2019,40.49,70.97
TUR,2020,39.42,69.10
TUR,2021,40.17,70.42
TUR,2022,40.05,70.20
TUR,2023,36.71,64.34
TUR,2024,32.11,56.28
USA,1960,,46.95
USA,1961,,48.17
USA,1962,,50.88
USA,1963,,50.86
USA,1964,,52.08
USA,1965,,49.80
USA,1966,,47.89
USA,1967,,50.92
USA,1968,,55.05
USA,1969,,52.81
USA,1970,,49.23
USA,1971,,46.38
USA,1972,,44.44
USA,1973,36.53,40.20
USA,1974,39.79,44.21
USA,1975,40.94,45.36
USA,1976,42.36,46.65
USA,1977,39.32,43.40
USA,1978,42.40,46.65
USA,1979,42.34,47.54
USA,1980,41.72,46.62
USA,1981,41.61,46.46
USA,1982,38.82,43.39
USA,1983,37.26,43.39
USA,1984,35.64,41.05
USA,1985,34.22,38.42
USA,1986,32.97,37.47
USA,1987,31.75,36.06
USA,1988,30.71,34.54
USA,1989,28.53,33.60
USA,1990,29.98,35.62
USA,1991,32.32,38.55
USA,1992,32.29,38.25
USA,1993,31.25,36.73
USA,1994,28.66,36.39
USA,1995,28.72,35.48
USA,1996,28.76,35.76
USA,1997,30.73,38.79
USA,1998,30.93,39.37
USA,1999,29.68,37.51
USA,2000,28.53,35.76
USA,2001,27.06,34.49
USA,2002,26.28,33.88
USA,2003,25.71,33.23
USA,2004,24.96,32.29
USA,2005,24.49,31.63
USA,2006,23.68,30.69
USA,2007,23.45,31.42
USA,2008,25.37,34.13
USA,2009,26.95,37.12
USA,2010,28.43,38.81
USA,2011,27.96,38.34
USA,2012,27.17,37.74
USA,2013,26.75,37.35
USA,2014,26.63,36.65
USA,2015,25.19,35.84
USA,2016,24.83,34.86
USA,2017,24.29,33.72
USA,2018,23.20,32.73
USA,2019,22.32,31.62
USA,2020,21.11,29.47
USA,2021,20.48,29.06
USA,2022,19.06,27.38
USA,2023,18.33,25.96
USA,2024,17.66,25.02
